Index,Department_Code,Course_Number,Course_Number_Suffix,Year,Semester,Lead_Instructor,Other_Instructors,Learning_Outcomes_Present,Learning_Outcome_File,DEI_Statement_Present,DEI_Statement_File,Exam_Grade_Prop,Quiz_Grade_Prop,Participation_Grade_Prop,Project/Assignment_Grade_Prop,Other_Grade_Prop,Other_Grade_Description,Grading_Present,Grading_File,Attend_Present,Attend_File,Notes,AttendTone1,AttendTone1scale,AttendTone2,AttendTone2scale,GradeTone1,GradeTone1scale,GradeTone2,GradeTone2scale
1,BIOL,1103,,2011,Spring,Armstrong,NA,Yes,1-LO.txt,No,NA,0.6,0,0.06,0.34,0,,Yes,1-Grading.txt,Yes,1-Attend.txt,,informative,5,friendly,4,,,,
2,BIOL,1103,,2013,Fall,Barstow,NA,Yes,2-LO.txt,No,NA,1,0,0,0,0,,Yes,2-Grading.txt,Yes,2-Attend.txt,,informative,5,formal,4,,,,
3,BIOL,1103,,NA,Fall,Beyette,NA,Yes,3-LO.txt,No,NA,0.35,0.1,0.15,0.15,0,,Yes,3-Grading.txt,Yes,3-Attend.txt,,,,,,,,,
4,BIOL,1103,,2021,Spring,Brickman,Lewis,Yes,4-LO.txt,Yes,4-DEI.txt,0.48,0,0.1,0.42,0,,No,NA,Yes,4-Attend.txt,,direct,5,confindent,4,,,,
5,BIOL,1103,E,NA,NA,Richards,NA,Yes,5-LO.txt,No,NA,0,0.25,0.25,0.5,0,,Yes,5-Grading.txt,Yes,5-Attend.txt,,,,,,,,,
6,BIOL,1103,L,2010,NA,Armstrong,Miller,No,NA,No,NA,0,0,0,1,0,,Yes,6-Grading.txt,Yes,6-Attend.txt,,,,,,,,,
7,BIOL,1103,L,2009,NA,Barstow,Miller,No,NA,No,NA,0,0,0,1,0,,Yes,7-Grading.txt,Yes,7-Attend.txt,,,,,,,,,
8,BIOL,1103,,2013,Spring,Lewis,Kukday,Yes,8-LO.txt,No,NA,0.4,0,0,0.6,0,,Yes,8-Grading.txt,No,NA,,,,,,,,,
9,BIOL,1103,L,2021,,Martin,NA,Maybe,9-LO.txt,No,NA,0,0,0,1,0,,Yes,9-Grading.txt,Yes,9-Attend.txt,,informative,3,formal,2,direct,5,formal,4
10,BIOL,1103,L,2013,,Miller,NA,No,NA,No,NA,0,0,0,1,0,,Yes,10-Grading.txt,Yes,10-Attend.txt,,,,,,,,,
11,BIOL,1103,,2011,Summer,Said,NA,Yes,11-LO.txt,No,NA,0.9,0,0.1,0,0,,Yes,11-Grading.txt,Yes,11-Attend.txt,,,,,,,,,
12,BIOL,1104,,2017,Spring,Andrews,Auerbach,No,NA,No,NA,0.525,0.075,0.075,0.325,0,,Yes,12-Grading.txt,Yes,12-Attend.txt,,,,,,,,,
13,BIOL,1104,,2011,Spring,Lemons,NA,Yes,13-LO.txt,No,NA,0.72,0.03,0.12,0.13,0,,Yes,13-Grading.txt,Yes,13-Attend.txt,,,,,,,,,
14,BIOL,1104,L,2010,,Lemons,Miller,No,NA,No,NA,0,0,0,1,0,,Yes,14-Grading.txt,Yes,14-Attend.txt,,,,,,,,,
15,BIOL,1104,L,2021,Spring,Martin,NA,Maybe,15-LO.txt,No,NA,0,0,0,1,0,,Yes,15-Grading.txt,Yes,15-Attend.txt,,informative,3,formal,2,direct,3,informative,2
16,BIOL,1104,L,2013,Spring,Miller,NA,No,NA,No,NA,0,0.35,0,0.65,0,,Yes,16-Grading.txt,Yes,16-Attend.txt,,,,,,,,,
17,BIOL,1104,,2022,Spring,Meyers,NA,Yes,17-LO.txt,Yes,17-DEI.txt,0.4,0.1,0.1,0.4,0,,Yes,17-Grading.txt,Yes,17-Attend.txt,,informative,5,skeptical,4,confident,3,formal,3
18,BIOL,1107,,2021,Fall,Armstrong,NA,No,NA,No ,NA,0.7,0.1,0.1,0.1,0,,Yes,18-Grading.txt,No,NA,,,,,,,,,
19,BIOL,1107,,2010,Spring,Barstow,DerVartanian,No,NA,No,NA,0.7,0,0,0.3,0,,Yes,NA,Yes,19-Attend.txt,,,,,,,,,
20,BIOL,1107,,2021,Fall,Dees,NA,No,NA,No,NA,0.7,0,0,0.3,0,,Yes,20-Grading.txt,No,NA,,,,,,Assertive,5,NA,
21,BIOL,1107,,2021,Spring,McEachern,NA,No,NA,No,NA,0.72,0,0,0.28,0,,Yes,21-Grading.txt,Yes,21-Attend.txt,,NA,,NA,,NA,,NA,
22,BIOL,1107,,2021,Spring,Moore,NA,Yes,22-LO.txt,No,NA,0,0.6,0,0.4,0,,Yes,22-Grading.txt,Yes,22-Attend.txt,,encouraging,2,cooperative,2,Informative,4,Assertive,
23,BIOL,1107,L,2021,Spring,Martin,NA,Yes,23-LO.txt,No,NA,0,0,0,1,0,,Yes,23-Grading.txt,Yes,23-Attend.txt,,,,,,,,,
24,BIOL,1107,L,2011,Fall,Miller,NA,No,NA,No,NA,0,0,0,1,0,,Yes,24-Grading.txt,Yes,24-Attend.txt,,,,,,,,,
25,BIOL,1107,L,2013,Spring,Miller,NA,No,NA,No,NA,0,0,0,1,0,,No,NA,Yes,25-Attend.txt,,,,,,,,,
26,BIOL,1108,,2021,Spring,Barb,NA,No,NA,No,NA,0.517,0.258,0,0.224,0,,Yes,26-Grading.txt,No,NA,,,,,,,,,
27,BIOL,1108,,2022,Spring,Dolan,NA,Yes,27-LO.txt,No,NA,0.7,0.1,0.1,0.1,0,,No,NA,Yes,27-Attend.txt,,,,,,,,,
28,BIOL,1108,,2022,Fall,Farmer,Trapnell,Yes,28-LO.txt,No,NA,0.64,0,0,0.35,0.01,Professionalism,Yes,28-Grading,Yes,28-Attend.txt,,informative,5,direct,2,Direct ,5,Confindent,5
29,BIOL ,1108,,2022,Summer,ÃŠMeyersÃŠ,NA,Yes,29-LO.txt,No,NA,0.6,0.09,0.09,0.21,0,,Yes,29-Grading.txt,Yes,29-Attend.txt,,informative,5,Optimistic,1,informative,4,Joyful,3
30,BIOL,1108,,2016,Fall,Dye,NA,Yes,30-LO.txt,No,NA,0.6,0.1,0,0.3,0,,Yes,30-Grading.txt,No,NA,,,,,,,,,
31,BIOL,1108,L,2021,Spring,Martin,NA,Yes,31-LO.txt,No,NA,0,0,0,1,0,,Yes,31-Grading.txt,Yes,31-Attend.txt,,,,,,,,,
32,BIOL,1108,,2020,Fall,Pucko,NA,Yes,32-LO.txt,No,NA,0.5,0.17,0,0.305,0,,Yes,32-Grading.txt,No,NA,,,,,,,,,
33,BIOL,1108,,2012,Fall,Moore,Stanger-Hall,Yes,33-LO.txt,No,NA,0.714285714,0,0.085714286,0.2,0,,No,NA,No,NA,,,,,,,,,
34,BIOL,1108,,2018,Fall,Trapnell,Farmer,Yes,34-LO.txt,No,NA,0.605,0,0.061111111,415,0.006349206,Professionalism,Yes,34-Grading.txt,Yes,34-Attend.txt,,,,,,,,,
35,BIOL,1108,L,2011,Fall,Miller,NA,No,NA,No,NA,0,0.303030303,0,0.590909091,0.106060606,Peer/GLA evaluation,Yes,35-Grading.txt,Yes,35-Attend.txt,,,,,,,,,
36,BIOL,1108,L,2012,Spring,Miller,NA,No,NA,No,NA,0,0.303030303,0,0.590909091,0.106060606,Peer/GLA evaluation,Yes,36-Grading.txt,Yes,36-Attend.txt,,,,,,,,,
37,BIOL,1108,L,2013,Spring,Miller,NA,No,NA,No,NA,0,0.303030303,0,0.590909091,0.106060606,Peer/GLA evaluation,Yes,37-Grading.txt,Yes,37-Attend.txt,,,,,,,,,
38,BIOL,1990,,2021,Spring,Farmer,NA,No,NA,No,NA,0,0,0.5,0.5,0,,Yes,38-Grading.txt,Yes,38-Attend.txt,Both lead to a S/U? ,,,,,,,,
39,ENTO,2010,,2022,Spring,Burke,NA,Yes,39-LO.txt,No,NA,0.52,0.19,0.19,0.1,0,,Yes,39-Grading.txt,No,NA,,,,,,Confindent,5,Friendly,4
40,ENTO,2010,,2022,Fall,Guillebeau,NA,No,NA,No,NA,0.8,0,0,0,0.2,Mandatory orders,No,NA,Yes,40-Attend.txt,,informative,2,formal,2,,,,
41,HONS,2070,H,2010,Fall,Dore,NA,Yes,41-LO.txt,No,NA,0.25,0.5,0,0.25,0,,Yes,41-Grading.txt,No,NA,,,,,,Informative,3,formal,2
42,HONS,2080,H,2013,Spring,Freeman-Lynde,NA,No,NA,No,NA,0.555555556,0.222222222,0,0.222222222,0,,No,NA,Yes,42-Attend.txt,,formal,5,cooperative,5,,,,
43,BIOL,2103,H,2021,Spring,Beyette,NA,Yes,43-LO.txt,No,NA,0.4,0.1,0,0.45,0.05,Service Learning Outreach,No,NA,No,NA,,,,,,,,,
44,BIOL,2103,H,NA,Fall,Brickman,NA,No,NA,No,NA,0.35,0.15,0,0.45,0.05,Service Learning Outreach,No,NA,No,NA,,,,,,,,,
45,BIOL,2107,H,2021,Spring,Andrews,Nelms,Yes,45-LO.txt,No,NA,0.75,0.075,0,0.15,0.025,Evaluations,Yes,45-Grading.txt,Yes,45-Attend.txt,,formal,5,NA,,NA,,NA,
46,BIOL,2107,H,2012,Fall,Darvil,Burke,No,NA,No,NA,1,0,0,0,0,,No,NA,No,NA,,,,,,,,,
47,BIOL,2107,H,2017,Fall,Darvil,Burke,No,NA,No,NA,1,0,0,0,0,,No,NA,No,NA,,,,,,,,,
48,BIOL,2107,H,2019,Fall,Darvil,Burke,No,NA,No,NA,1,0,0,0,0,,No,NA,No,NA,,,,,,,,,
49,BIOL,2180,H,2020,Spring,Andrews,NA,Yes,49-LO.txt,No,NA,0.75,0.1,0,0.15,0,,No,NA,No,NA,,,,,,,,,
50,BIOL,2108,H,2017,Fall,Binder,Hopkinson,Yes,50-LO.txt,No,NA,0.8,0,0.05,0.15,0,,Yes,50-Grading.txt,No,NA,,,,,,,,,
51,BIOL,2108,H,2011,Spring,Lemons,NA,Yes,51-LO.txt,No,NA,0.56,0.03,0.11,0.3,0,,Yes,51-Grading.txt,Yes,51-Attend.txt,,,,,,,,,
52,BIOL,2108,H,2020,Fall,Lukowitz,Peterson,Yes,52-LO.txt,No,NA,0.692307692,0,0,0.307692308,0,,Yes,52-Grading.txt,No,NA,,,,,,,,,
53,BIOL,2108,H,2020,Fall,Wyatt,NA,Yes,53-LO.txt,No,NA,0.8,0.2,0,0,0,,Yes,53-Grading.txt,No,NA,,,,,,,,,
54,BIOL,2900,,NA,NA,Langford,Eisner,No,NA,No,NA,0,0,0,1,0,,No,NA,Yes,54-Attend.txt,No year or semester provided.,formal,4,Informative,2,,,,
55,CBIO,3000,,2010,Fall,Hesse,Holliday,Yes,55-LO.txt,No,NA,0,0.8,0,0.2,0,,Yes,55-Grading.txt,Yes,55-Attend.txt,Lecture and Lab ,,,,,,,,
56,CBIO,3000,,2018,Fall,Safer,NA,Yes,56-LO.txt,No,NA,1,0,0,0,0,,Yes,56-Grading.txt,Yes,56-Attend.txt,Lecture and Lab ,NA,,NA,,informative,4,Formal,2
57,CBIO,3000,,2012,Fall,Said,NA,No,NA,No,NA,0,0.55,0.07,0.08,0.3,Lab,Yes,57-Grading.txt,No,NA,Lecture and Lab ,,,,,,,,
58,CBIO,3000,,2015,Spring,Williams,Holliday,Yes,58-LO.txt,No,NA,0.69,0.05,0.05,0,0.3,Lab,Yes,58-Grading.txt,Yes,58-Attend.txt,Lecture and Lab ,Neutral,5,NA,,formal,,NA,
59,GENE,3000,,2010,Fall,Anderson,Promislow,No,NA,No,NA,1,0,0,0,0,,No,NA,No,NA,,,,,,,,,
60,GENE,3000,,2017,Fall,Andrews,NA,Yes,60-LO.txt,No,NA,0.7,0.07,0,20.05,0.025,Evaluations,Yes,60-Grading.txt,Yes,60-Attend.txt,,,,,,,,,
61,GENE,3000,,2011,Spring,Hamrick,Arnold,No,NA,No,NA,0.75,0.25,0,0,0,,No,NA,Yes,61-Attend.txt,,,,,,,,,
62,GENE,3000,,2012,Summer,Hall,NA,No,NA,No,NA,0.9,0,0.1,0,0,,No,NA,Yes,61-Attend.txt,,,,,,,,,
63,GENE,3000,,2021,Spring,Hunt,NA,Yes,63-LO.txt,No,NA,0.7,0,0.15,0.15,0,,No,NA,No,NA,,,,,,,,,
64,GENE,3000,,2020,Fall,Mauricio,NA,Yes,64-LO.txt,No,NA,0.22,0.49,0.1,0.19,0,,No,NA,Yes,64-Attend.txt,,Informative,5,NA,,,,,
65,GENE,3000,,2009,Fall,Promislow,Moeller,Yes,65-LO.txt,No,NA,1,0,0,0,0,,Yes,65-Grading.txt,No,NA,,,,,,,,,
66,GENE,3000,,2012,NA,Promislow,Wares,Yes,66-LO.txt,No,NA,1,0,0,0,0,,Yes,66-Grading.txt,No,Na,No semster provided,,,,,,,,
67,GENE,3000,,2011,Fall,Promislow,Wares,Yes,67-LO.txt,No,NA,1,0,0,0,0,,Yes,67-Grading.txt,No,Na,,,,,,,,,
68,PMCY,3000,,2022,Fall,Momany,NA,No,NA,No,NA,1,0,0,0,0,,No,NA,Yes,68-Attend.txt,,formal,5,NA,,,,,
69,CBIO,3010,,2018,Fall,Nichols,NA,No,69-LO.txt,No,NA,0.55,0.15,0,0,0.3,Lab Practical Average,,NA,Yes,NA,Lecture and Lab ,,,,,,,,
70,PATH,3010,,2021,Spring,Brewer,NA,No,NA,No,NA,0.8,0.1,0.1,0,0,,Yes,70-Grading.txt,Yes,70-Attend.txt,,,,,,,,,
71,BCMB,3100,,2014,Spring,Anong,NA,No,NA,No,NA,0.756,0.0756,0,0.168,0,,Yes,71-Grading.txt,Yes,71-Attend.txt,,,,,,,,,
72,BCMB,3100,,2021,Fall,Dolan,Urbanowicz,Yes,72-LO.txt,No,NA,0,0.875,0,0.125,0,,Yes,72-Grading.txt,Yes,72-Attend.txt,,,,,,,,,
73,BCMB,3100,,2022,Fall,Lee,NA,No,NA,No,NA,0.635,0.076,0.063,0.22,0.005,Course Eval,Yes,73-Grading.txt,Yes,73-Attend.txt,,,,,,,,,
74,BCMB,3100,,2020,Fall,Lemons,NA,No,NA,Yes,74-DEI.txt,0,0.7583,0.2167,0.025,0,,Yes,74-Grading.txt,Yes,74-Attend.txt,,,,,,,,,
75,BCMB,3100,,2022,Fall,Mohnen,Yin,No,NA,No,NA,0.5,0.375,0.05,0.0625,0.0125,Course Eval,Yes,75-Grading.txt,Yes,75-Attend.txt,,,,,,,,,
76,BCMB,3100,,2022,Fall,Paz,NA,No,NA,No,NA,0.9286,0.0457,0,0.0257,0,,Yes,76-Grading.txt,Yes,76-Attend.txt,,,,,,,,,
77,BCMB,3100,,2022,Spring,Rose,Przybyla,No,NA,No,NA,0.98,0,0.02,0,0,,Yes,77-Grading.txt,Yes,77-Attend.txt,,,,,,,,,
78,BCMB,3100,,2022,Spring,Robinson,NA,Yes,78-LO.txt,No,NA,0.79,0.07,0.07,0.07,0,,Yes,78-Grading.txt,Yes,78-Attend.txt,,,,,,,,,
79,BCMB,3100,,2021,Spring,Schmidt,Garfinkel,Yes,79-LO.txt,No,NA,0.8,0.2,0,0,0,,Yes,79-Grading.txt,Yes,79-Attend.txt,,,,,,,,,
80,BCMB,3100,,2021,Fall,Dolan,Urbanowicz,Yes,80-LO.txt,No,NA,0,0.875,0,0.125,0,,Yes,80-Grading.txt,No,NA,,,,,,,,,
81,BCMB,3100,,2022,Spring,Xu,Weiss,No,NA,No,NA,0,1,0,0,0,,Yes,81-Grading.txt,Yes,81-Attend.txt,,,,,,,,,
82,BCMB,3100,,2021,Summer,Wood,Lanzilotta,No,NA,No,NA,0,1,0,0,0,,Yes,82-Grading.txt,Yes,82-Attend.txt,,,,,,,,,
83,ECOL,3100,,2018,Summer,Connelly,NA,Yes,83-LO.txt,No,NA,0.3,0,0.15,0.3,0.25,Practical,No,NA,Yes,83-Attend.txt,Lecture and Lab ,,,,,,,,
84,ECOL,3100,,2009,Fall,Lieberman,NA,Yes,84-LO.txt,No,NA,0.55,0,0.2,0.25,0,,No,NA,No,NA,Lecture and Lab ,,,,,,,,
85,VPAT,3100,H,2019,Spring,Carmichael,Meigs,Yes,85-LO.txt,No,NA,1,0,0,0,0,,Yes,85-Grading.txt,No,NA,,,,,,,,,
86,IDIS,3100,,NA,NA,Garg,NA,No,NA,No,NA,NA,NA,NA,NA,NA,,No,NA,No,NA,"Did not have semester, year, grading breakdown, etc",,,,,,,,
87,IDIS,3100,H,2015,Spring,Moore,NA,No,NA,No,NA,0.3,0,0.5,0.2,0,,Yes,87-Grading.txt,Yes,87-Attend.txt,,,,,,,,,
88,VPHY,3100,,2021,Fall,Wells,Li,No,NA,No,NA,1,0,0,0,0,,Yes,88-Grading.txt,No,NA,,,,,,,,,
89,VPHY,3100,,2009,Fall,McGraw,Wells,No,NA,No,NA,1,0,0,0,0,,Yes,89-Grading.txt,No,NA,,,,,,,,,
90,VPHY,3100,,2010,Fall,McGraw,Wells,No,NA,No,NA,1,0,0,0,0,,Yes,90-Grading.txt,No,NA,,,,,,,,,
91,BIOL,3110,L,2011,Spring,Eisner,NA,No,NA,No,NA,0.45,,0.09,0.45,0,,Yes,91-Grading.txt,Yes,91-Attend.txt,,,,,,,,,
92,BIOL,3110,L,2020,Fall,O’Donnell,NA,No,NA,No,NA,0.5,0.125,0,0.375,0,,Yes,92-Grading.txt,Yes,92-Attend.txt,,,,,,,,,
93,BIOL,3110,L,2022,Fall,Paz,NA,No,NA,No,NA,0.545,0.136,0,0.316,0,,Yes,93-Grading.txt,Yes,93-Attend.txt,,,,,,,,,
94,BIOL,3110,L,2013,Spring,Winternitz,McKnight,No,NA,No,NA,0.455,0.09,0,0.4544,0,,Yes,94-Grading.txt,Yes,94-Attend.txt,,,,,,,,,
95,ENTO,3140,L,2022,Fall,Ross,Hettesheimer,No,NA,No,NA,0.6,0.15,0,0.25,0,,No,NA,Yes,95-Attend.txt,,,,,,,,,
96,GENE,3200,,2018,Spring,Armstrong,Dyer,No,NA,No,NA,0.9,0,0,0.1,0,,Yes,96-Grading.txt,No,NA,,,,,,,,,
97,GENE,3200,,2020,Fall,Bedell,NA,Yes,97-LO.txt,No,NA,0.769,0.1385,0.015,0.0769,0,,Yes,97-Grading.txt,No,NA,,,,,,,,,
98,GENE,3200,,2010,Spring,Benetzen,NA,No,NA,No,NA,1,0,0,0,0,,No,NA,Yes,98-Attend.txt,,,,,,,,,
99,GENE,3200,,2014,Spring,Hall,Armstrong,No,NA,No,NA,1,0,0,0,0,,Yes,99-Grading.txt,No,NA,,,,,,,,,
100,GENE,3200,,2022,Fall,Hunt,NA,Yes,100-LO.txt,No,NA,0.55,,0.15,0.27,0.03,Course Eval,No,NA,Yes,100-Attend.txt,,,,,,,,,
101,GENE,3200,,2012,Fall,Jenkins ,Wrenn,Yes,101-LO.txt,No,NA,0.75,0.25,0,0,0,,No,NA,Yes,101-Attend.txt,,,,,,,,,
102,GENE,3200,,2020,Fall,McEachern,NA,No,NA,No,NA,0.9,0,0,0.1,0,,Yes,102-Grading.txt,No,NA,,,,,,,,,
103,GENE,3200,,2019,Fall,Bedell,NA,No,103-LO.txt,No,NA,0.757,0.132,0.106,0,0.0045,Course Eval,Yes,103-Grading.txt,Yes,103-Attend.txt,,,,,,,,,
104,CBIO,3200,,2012,Summer,Said,NA,No,NA,No,NA,0.5,0,0,0,0.5,Dissection,No,NA,No,NA,,,,,,,,,
105,GENE,3210,,2019,Fall,Kushner,NA,No,NA,No,NA,0.286,0,0,0.57,0.143,Lab Technique,No,NA,Yes,105-Attend.txt,,,,,,,,,
106,GENE,3210,,2009,Fall,Dawe,NA,No,NA,No,NA,0.35,0,0.25,0.4,0,,No,NA,Yes,106-Attend.txt,,,,,,,,,
107,ECOL,3220,,2010,Summer,Richardson,NA,No,NA,No,NA,0,0.2,0.2,0.6,0,,No,NA,Yes,107-Attend.txt,,,,,,,,,
108,PBIO,3270,,2021,Spring,Chang,Perez-Udell,No,NA,No,NA,0,0.424,0.038,0.538,0,,Yes,108-Grading.txt,Yes,108-Attend.txt,,,,,,,,,
109,CBIO,3300,,2014,Spring,Cai,NA,Yes,109-LO.txt,No,NA,0.85,0.15,0,0,0,,No,NA,Yes,109-Attend.txt,,,,,,,,,
110,CBIO,3300,,2014,Spring,Schulz,NA,Yes,110-LO.txt,No,NA,1,0,0,0,0,,No,NA,Yes,110-Attend.txt,,,,,,,,,
111,CBIO,3400,,2012,Fall,Fechheimer,Lechtreck,No,NA,No,NA,0,1,0,0,0,,Yes,111-Grading.txt,No,NA,,,,,,,,,
112,CBIO,3400,,2018,Fall,Gaertig,Przybyla,No,NA,No,NA,0.8,0.1,0,0.1,0,,Yes,112-Grading.txt,Yes,112-Attend.txt,,,,,,,,,
113,CBIO,3400,,2016,Spring,Kipreos,Shen,No,NA,No,NA,1,0,0,0,0,,Yes,113-Grading.txt,No,NA,,,,,,,,,
114,CBIO,3400,,2017,Spring,Lukowitz,Muralidharan,Yes,114-LO.txt,No,NA,0,0.781,0.0625,0.156,0,,Yes,114-Grading.txt,No,NA,,,,,,,,,
115,CBIO,3400,,2021,Spring,Paz,NA,No,NA,No,NA,0.847,0.0769,0.0769,0,0,,Yes,115-Grading.txt,Yes,115-Attend.txt,,,,,,,,,
116,CBIO,3400,,2011,Spring,Rumfelt,NA,No,NA,No,NA,0.75,0.15,0,0.1,0,,Yes,116-Grading.txt,Yes,116-Attend.txt,,,,,,,,,
117,CBIO,3400,,2008,Spring,Kipreos,Shen,No,NA,No,NA,1,0,0,0,0,,Yes,117-Grading.txt,No,NA,,,,,,,,,
118,CBIO,3400,,2021,Spring,Schulz,Kamiyama,Yes,118-LO.txt,No,NA,0.85,0,0.106,0.0425,0,,Yes,118-Grading.txt,No,NA,,,,,,,,,
119,CBIO,3400,,2021,Spring,Stanton,Etheridge,No,NA,No,NA,0.765,0,0.147,0.088,0,,Yes,119-Grading.txt,No,NA,,,,,,,,,
120,CBIO,3410,L,2016,Fall,Cai,Gaertig,No,NA,No,NA,0.3,0.2,0,0.5,0,,Yes,120-Grading.txt,Yes,120-Attend.txt,,,,,,,,,
121,CBIO,3410,L,2018,Fall,Gaertig,Cai,No,NA,No,NA,0.3,0.2,0,0.5,0,,Yes,121-Grading.txt,Yes,121-Attend.txt,,,,,,,,,
122,BCMB,3433,,2010,Summer,Anderson,NA,No,NA,No,NA,0.333,0,0.333,0.333,0,,No,NA,Yes,122-Attend.txt,,,,,,,,,
123,MARS,3450,,2022,Fall,Bik,Saunders,Yes,123-LO.txt,No,NA,0.5,0.3,0.2,0,0,,Yes,123-Grading.txt,No,NA,,,,,,,,,
124,MARS,3450,,2019,Fall,Binder,NA,Yes,124-LO.txt,No,NA,0.88,0,0,0.12,0,,Yes,124-Grading.txt,Yes,124-Attend.txt,,,,,,,,,
125,MARS,3450,,2021,Spring,Hopkinson,NA,No,NA,No,NA,0.8,0,0.2,0,0,,Yes,125-Grading.txt,Yes,125-Attend.txt,,,,,,,,,
126,MARS,3450,,2021,Spring,Moran,NA,Yes,126-LO.txt,No,NA,0.92,0,0,0.8,0,,No,NA,Yes,126-Attend.txt,,,,,,,,,
127,ECOL,3500,,2011,Spring,Barrett,NA,No,NA,No,NA,0.7,0,0,0,0.3,Lab,Yes,127-Grading.txt,Yes,127-Attend.txt,Lecture and Lab ,,,,,,,,
128,ECOL,3500,,2012,Spring,Byers,Covich,Yes,128-LO.txt,No,NA,0.6,0,0,0.4,0,,Yes,128-Grading.txt,Yes,128-Attend.txt,,,,,,,,,
129,ECOL,3500,,2022,Spring,Connelly,Byers,Yes,129-LO.txt,No,NA,0.857,0,0,0.143,0,,Yes,129-Grading.txt,Yes,129-Attend.txt,,,,,,,,,
130,ECOL,3500,,2010,Spring,Covich,Byers,Yes,130-LO.txt,No,NA,0.6,0,0,0,0.4,Lab,Yes,130-Grading.txt,Yes,130-Attend.txt,Lecture and Lab ,,,,,,,,
131,ECOL,3500,,2018,Fall,Crumsey,Ballantyne,Yes,131-LO.txt,No,NA,0.4,0.2,0.1,0,0.3,Lab,Yes,131-Grading.txt,No,NA,Lecture and Lab ,,,,,,,,
132,ECOL,3500,,2022,Spring,Holdo,Schmidt,Yes,132-LO.txt,No,NA,0.69,0.18,0,0.13,0,,Yes,132-Grading.txt,Yes,132-Attend.txt,,,,,,,,,
133,ECOL,3500,,2022,Fall,Injaian,Richards,Yes,133-LO.txt,No,NA,0.63,0.12,0,0.25,0,,Yes,133-Grading.txt,Yes,133-Attend.txt,,,,,,,,,
134,ECOL,3500,,2017,Fall,King,Keogh,Yes,134-LO.txt,No,NA,0.6,0,0.1,0,0.3,Lab,Yes,134-Grading.txt,Yes,134-Attend.txt,Lecture and Lab ,,,,,,,,
135,ECOL,3500,,2021,Spring,Osenberg,Injaian,Yes,135-LO.txt,No,NA,0.5,0,0,0.2,0.3,Lab,Yes,135-Grading.txt,Yes,135-Attend.txt,Lecture and Lab ,,,,,,,,
136,ECOL,3500,,2009,Fall,Richardson,NA,No,NA,No,NA,0.27,0.39,0,0,0.33,Lab,No,NA,No,NA,Lecture and Lab ,,,,,,,,
137,ECOL,3500,,2022,Fall,Rugenski,Zemaitis,Yes,137-LO.txt,Yes,137-DEI.txt,0.5,0.1,0.1,0.3,0,,Yes,137-Grading.txt,Yes,137-Attend.txt,,,,,,,,,
138,MIBO,3500,,2014,Fall,Benoit,"Walker, Hennigan",No,NA,No,NA,0.697,0.139,0,0.162,0,,Yes,138-Grading.txt,Yes,138-Attend.txt,,,,,,,,,
139,MIBO,3500,E,2017,Summer,Walker,NA,No,NA,No,NA,0.703,0.141,0,0.1563,0,,Yes,139-Grading.txt,No,NA,,,,,,,,,
140,MIBO,3500,,2013,Spring,Dustman,NA,No,NA,No,NA,0.769230769,0.128205128,0.033898305,0,0,,Yes,140-Grading.txt,Yes,140-Attend.txt,,,,,,,,,
141,MIBO,3500,,2020,Fall,Karls,NA,Yes,141-LO.txt,No,NA,0.57,0,0.1,0.33,0,,Yes,141-Grading.txt,NA,NA,,,,,,,,,
142,MIBO,3500,,2017,Fall,Krause,NA,No,NA,No,NA,0.75,0.25,0,0,0,,No,NA,Yes,142-Attend.txt,,,,,,,,,
143,MIBO,3500,,2021,Spring,Paz,NA,No,NA,No,NA,0.8,0.1,0,0.1,0,,Yes,143-Grading.txt,Yes,143-Attend.txt,,,,,,,,,
144,MIBO,3500,,2019,Fall,Scott,NA,No,NA,No,NA,0.5,0.166666667,0,0.333333333,0,,Yes,144-Grading.txt,Yes,144-Attend.txt,,,,,,,,,
145,MIBO,3500,,2010,Summer,Shearer,NA,No,NA,No,NA,1,0,0,0,0,,Yes,145-Grading.txt,Yes,145-Attend.txt,,,,,,,,,
146,MIBO,3500,,2020,Spring,Swift,NA,No,NA,No,NA,0.727272727,0,0,0.272727273,0,,Yes,146-Grading.txt,Yes,146-Attend.txt,,,,,,,,,
147,MIBO,3500,,2021,Fall,Walker,NA,Yes,147-LO.txt,No,NA,0.4,0,0,0.6,0,,Yes,147-Grading.txt,,147-Attend.txt,,,,,,,,,
148,MIBO,3500,E,2021,Spring,Scott,NA,No,NA,No,NA,0.707692308,0.061538462,0.076923077,0.246153846,0,,Yes,148-Grading.txt,No,NA,,,,,,,,,
149,ECOL,3505,,2010,Spring,Richardson,NA,No,NA,No,NA,0.3,0,0.1,0.267,0.33,Lab,Yes,149-Grading.txt,Yes,149-Attend.txt,,,,,,,,,
150,ECOL,3503,H,2013,Spring,Barrett,NA,No,NA,No,NA,0.6,0,0,0.15,0.25,Lab,Yes,150-Grading.txt,No,NA,,,,,,,,,
151,ECOL,3503,H,2021,Fall,Byers,Injaian,Yes,151-LO.txt,No,NA,0.54,0,0,0.46,0,,Yes,151-Grading.txt,Yes,151-Attend.txt,Lecture and Lab,,,,,,,,
152,ECOL,3505,L,2021,Fall,Farrell,NA,Yes,152-LO.txt,No,NA,0,0.61,0.073,0.317,0,,Yes,152-Grading.txt,Yes,152-Attend.txt,Lecture and Lab,,,,,,,,
153,ECOL,3510,L,2018,Summer,Connelly,NA,Yes,153-LO.txt,No,NA,0.15,0,0.25,0.6,0,,Yes,153-Grading.txt,No,NA,,,,,,,,,
154,ECOL,3510,L,2021,Summer,Farrell,NA,Yes,154-LO.txt,No,NA,0,0,0.24,0.76,0,,Yes,154-Grading.txt,Yes,154-Attend.txt,,,,,,,,,
155,ECOL,3510,L,2009,Fall,Lieberman,NA,Yes,155-LO.txt,No,NA,0.35,0,0.15,0.5,0,,No,NA,No,NA,,,,,,,,,
156,MIBO,3510,L,2012,Spring,Dustman,NA,No,NA,No,NA,0.526,0.263,0,0.211,0,,Yes,156-Grading.txt,Yes,156-Attend.txt,,,,,,,,,
157,MIBO,3510,L,2022,Spring,Grainy,Ottesen,Yes,157-LO.txt,No,NA,0.41,0.18,0.03,0.37,0,,Yes,157-Grading.txt,Yes,157-Attend.txt,,,,,,,,,
158,MIBO,3510,L,2021,Spring,Ottesen,Grainy,Yes,158-LO.txt,No,NA,0.41,0,3,0.55,0,,Yes,158-Grading.txt,Yes,158-Attend.txt,,,,,,,,,
159,MIBO,3510,L,2021,Spring,Paz ,NA,No,NA,No,NA,0.556,0.111,0,0.333,0,,Yes,159-Grading.txt,Yes,159-Attend.txt,,,,,,,,,
160,MIBO,3510,L,2010,Summer,Samuels,NA,No,NA,No,NA,0.667,0.167,0,0.167,0,,Yes,160-Grading.txt,Yes,160-Attend.txt,,,,,,,,,
161,ECOL,3530,,2009,Fall,Carroll,Pringle,No,NA,No,NA,0.55,0.15,0,0.3,0,,No,NA,No,NA,,,,,,,,,
162,ECOL,3530,,2022,Fall,Connelly,Hall,Yes,162-LO.txt,No,NA,0.3,0,0.2,0.5,0,,Yes,162-Grading.txt,Yes,162-Attend.txt,,,,,,,,,
163,ECOL,3530,,2021,Fall,Hall,Schmidt,Yes,163-LO.txt,No,NA,0.3,0,0.2,0.5,0,,Yes,163-Grading.txt,Yes,163-Attend.txt,,,,,,,,,
164,ECOL,3530,,2020,Fall,Pringle,Hall,Yes,164-LO.txt,No,NA,0.3,0,0.2,0.5,0,,Yes,164-Grading.txt,Yes,164-Attend.txt,,,,,,,,,
165,ECOL,3500,,2020,Fall,Schmidt,NA,Yes,165-LO.txt,No,NA,0.5,0,0.1,0.4,0,,Yes,165-Grading.txt,Yes,165-Attend.txt,,,,,,,,,
166,MARS,3550,,2021,Fall,Burd,NA,Yes,166-LO.txt,No,NA,0,0,0.3,0.7,0,,No,NA,No,NA,,,,,,,,,
167,ECOL,3580,,2013,Fall,Beasley,Atkins,Yes,167-LO.txt,No,NA,0.7,0.1,0.1,0.1,0,,Yes,167-Grading.txt,Yes,167-Attend.txt,,,,,,,,,
168,ECOL,3580,,2022,Spring,Castleberry,NA,Yes,168-LO.txt,No,NA,0.7,0.1,0,0.2,0,,Yes,168-Grading.txt,Yes,168-Attend.txt,,,,,,,,,
169,BCMB,3600,H,2022,Spring,Adams,Kannan,No,NA,No,NA,0.333,0,0,0.667,0,,No,NA,No,NA,,,,,,,,,
170,BCMB,3600,H,2022,Spring,Kannan,Adams,No,NA,No,NA,0.333,0,0,0.667,0,,No,NA,No,NA,,,,,,,,,
171,BCMB,3600,H,2022,Spring,Terns,Adams,No,NA,No,NA,0.333,0,0,0.667,0,,No,NA,No,NA,,,,,,,,,
172,CBIO,3600,,2020,Fall,Dougan,NA,Yes,172-LO.txt,No,NA,0.4,0.14,0.08,0.38,0,,Yes,172-Grading.txt,Yes,172-Attend.txt,,,,,,,,,
173,ECOL,3600,,2021,Spring,Connelly,NA,Yes,173-LO.txt,No,NA,0.7,0,0,0.3,0,,Yes,173-Grading.txt,Yes,173-Attend.txt,,,,,,,,,
174,ENTO,3645,,2022,Spring,Champagne,Batzer,Yes,174-LO.txt,No,NA,0.1,0,0,0,0,,Yes,174-Grading.txt,Yes,174-Attend.txt,,,,,,,,,
175,PBIO,3650,,2021,Fall,Peterson,NA,No,NA,No,NA,0.3,0.15,0,0.15,0.4,Lab,No,NA,No,NA,,,,,,,,,
176,PBIO,3660,L,2021,Fall,Lukowitz,NA,No,NA,No,NA,0,0,0.4,0.6,0,,No,NA,Yes,176-Attend.txt,,,,,,,,,
177,PBIO,3660,L,2019,Fall,Ye,NA,Yes,177-LO.txt,No,NA,0,0,0,0.1,0,,Yes,177-Grading.txt,Yes,177-Attend.txt,Lecture and Lab,,,,,,,,
178,BIOL,3700,W,2022,Fall,Maerz,NA,No,NA,No,NA,NA,NA,NA,NA,NA,,Yes,178-Grading.txt,Yes,178-Attend.txt,,,,,,,,,
179,CBIO,3710,,2018,Fall,Massey,NA,No,NA,No,NA,0.8,0.1,0,0.1,0,,Yes,179-Grading.txt,Yes,179-Attend.txt,,,,,,,,,
180,BIOL,3720,L,2018,Fall,Andrews,NA,No,180-LO.txt,No,NA,0.15,0.2,0.1,0.55,0,,Yes,180-Grading.txt,No,NA,Students pick what grade they believe they should receive (see 178-grading),,,,,,,,
181,BIOL,3720,L,2021,Spring,Gannon,NA,Yes,181-LO.txt,No,NA,0.15,0,0.1,0.75,0,,Yes,181-Grading.txt,Yes,181-Attend.txt,,,,,,,,,
182,CBIO,3800,,2021,Spring,Lauderdale,Zeltner,No,NA,No,NA,0.8,0.2,0,0,0,,Yes,182-Grading.txt,Yes,182-Attend.txt,,,,,,,,,
183,CBIO,3800,,2021,Spring,Zeltner,Lauderdale,No,NA,No,NA,0.8,0.2,0,0,0,,Yes,183-Grading.txt,Yes,183-Attend.txt,,,,,,,,,
184,ECOL,3880,H,2021,Spring,Byers,Mohan,Yes,184-LO.txt,No,NA,1,0,0,0,0,,No,NA,Yes,184-Attend.txt,,,,,,,,,
185,BIOL,3990,,NA,NA,Langford,Eisner,No,NA,No,NA,0,0,0,1,0,,No,NA,No,NA,,,,,,,,,
186,BTEC,4000,L,2022,Spring,Champagne,Hua,No,NA,No,NA,0.6,0.2,0,0.2,0,,No,NA,Yes,186-Attend.txt,,,,,,,,,
187,ECOL,4000/6000,,2019,Fall,Drake,Park,No,NA,No,NA,0.35,0.1,0.1,0.45,0,,No,NA,Yes,187-Attend.txt,,,,,,,,,
188,ECOL,4000/6000,,2022,Fall,Drake,Park,No,NA,No,NA,0.3,0.3,0,0.6,0,,No,NA,Yes,188-Attend.txt,,,,,,,,,
189,ECOL,4000/6000,,2021,Fall,Park,Strauss,No,NA,No,NA,0.3,0.3,0,0.6,0,,No,NA,Yes,189-Attend.txt,,,,,,,,,
190,ENTO,4000/6000,,2020,Fall,Acebes,Joseph,Yes,190-LO.txt,No,NA,0.72,0.09,0,0,0.19,Insect collection,No,NA,Yes,190-Attend.txt,,,,,,,,,
191,ENTO ,4000/6000,,2021,Fall,Schmidt,Joseph,Yes,191-LO.txt,No,NA,0.72,0.09,0,0,0.19,Insect collection,No,NA,Yes,191-Attend.txt,,,,,,,,,
192,ENTO,4000/6000,,2022,NA,Oliver,NA,Yes,192-LO.txt,No,NA,0.571428571,0,0,0.285714286,0.142857143,Insect collection,No,NA,No,NA,,,,,,,,,
193,ENTO,4000/6000,,2022,Fall,Strand,NA,Yes,193-LO.txt,No,NA,0.634920635,0.079365079,0,0.126984127,0.158730159,Insect collection,No,NA,Yes,193-Attend.txt,,,,,,,,,
194,PMCY,4000,,2019,Fall,Murph,NA,Yes,194-LO.txt,No,NA,0.6,0.3,0,0.1,0,,No,NA,Yes,194-Attend.txt,,,,,,,,,
195,VPAT,4000,,2009,NA,Uhl,NA,Yes,195-LO.txt,No,NA,0.6,0.2,0.2,0,0,,No,NA,Yes,195-Attend.txt,,,,,,,,,
196,BCMB,4010/6010,,2022,Spring,Lanzillota,Cassera,No,NA,No,NA,0,1,0,0,0,,No,NA,No,NA,,,,,,,,,
197,ECOL,4010/6010,,2022,Spring,Wurzburger,NA,Yes,197-LO.txt,No,NA,0.6,0,0,0.4,0,,No,NA,No,NA,,,,,,,,,
198,BCMB,4010/6010,,2021,Fall,Wood,West,No,NA,No,NA,0,1,0,0,0,,No,NA,No,NA,,,,,,,,,
199,BCMB,4020/6020,H,2022,Spring,Sabatini,Adams,No,NA,No,NA,1,0,0,0,0,,No,NA,No,NA,,,,,,,,,
200,BCMB,4030,L/H,2022,Spring,Blum,NA,No,NA,No,NA,0,0.4,0,0.3,0.3,Presentations,No,NA,Yes,200-Attend.txt,,,,,,,,,
201,WILD,4040,L,2010,Spring,Maerz,Buhlmann,Yes,201-LO.txt,No,NA,0.2,0.09,0.22,0,0.6,Lab,No,NA,No,NA,,,,,,,,,
202,WILD,4040,L,2018,Spring,Maerz,Clause,Yes,202-LO.txt,No,NA,0.2,0.09,0.22,,0.6,Lab,No,NA,No,NA,,,,,,,,,
203,WILD,4050,,2022,Fall,Castleberry,NA,Yes,203-LO.txt,No,NA,0.6,0.2,0,0.2,0,,No,NA,Yes,203-Attend.txt,,,,,,,,,
204,CBIO,4050,,NA,Spring,Muralidharan,NA,No,NA,No,NA,1,0,0,0,0,,No,NA,No,NA,,,,,,,,,
205,ECOL,4050,,2022,Fall,Freeman,NA,Yes,205-LO.txt,No,NA,0.46,0,0.1,0.1,0.34,Lab,No,NA,Yes,205-Attend.txt,,,,,,,,,
206,BIOL,4060,,2022,Spring,Davis,NA,No,NA,No,NA,1,0,0,0,0,,No,NA,No,NA,,,,,,,,,
207,WILD,4060,,2010,Spring,Cooper,NA,No,NA,No,NA,0.833333333,0,0,0,0.166666667,Research paper,No,NA,No,NA,,,,,,,,,
208,WILD,4060,,2022,Spring,Rushing,Hernandez,No,NA,No,NA,0.833333333,0,0,0.083333333,0.166666667,Paper,No,NA,No,NA,,,,,,,,,
209,ECOL,4070,,2013,Spring,Fitt,NA,No,NA,No,NA,1,0,0,0,0,,No,NA,No,NA,,,,,,,,,
210,MIBO,4090,,2022,Spring,Hoover,Walker,No,210-LO.txt,No,NA,0.8,0.2,0,0,0,,No,NA,No,NA,,,,,,,,,
211,MIBO,4090,,2011,Fall,Starai,Whittman,No,NA,No,NA,1,0,0,0,0,,Yes,211-Grading.txt,No,NA,,,,,,,,,
212,MIBO,4090,,2021,Fall,Starai,Mills,No,NA,No,NA,1,0,0,0,0,,Yes,212-Grading.txt,No,212-Attend.txt,,,,,,,,,
213,MIBO,4090,,2021,Fall,Hoover,Walker,No,NA,No,NA,0.3,0,0.2,0.5,0,,Yes,213-Grading.txt,Yes,213-Attend.txt,,,,,,,,,
214,MIBO,4090,,2010,Spring,Whitman,Stabb,No,NA,No,NA,1,0,0,0,0,,Yes,214-Grading.txt,Yes,NA,,,,,,,,,
215,CBIO,4100,,2011,Fall,Colley,NA,No,NA,No,NA,1,0,0,0,0,,No,NA,No,NA,,,,,,,,,
216,CBIO,4100,,2011,Spring,Klonowski,NA,No,NA,No,NA,1,0,0,0,0,,No,NA,No,NA,,,,,,,,,
217,CBIO,4100,,2016,Spring,Klonowski,NA,No,NA,No,NA,1,0,0,0,0,,No,NA,No,NA,,,,,,,,,
218,CBIO,4100,,2022,Fall,Kurup,NA,No,NA,No,NA,1,0,0,0,0,,No,NA,No,NA,,,,,,,,,
219,CBIO,4100,,2009,Fall,Tarleton,NA,No,NA,No,NA,1,0,0,0,0,,No,NA,No,NA,,,,,,,,,
220,MIBO,3500,,2022,Spring,Downs,Walker ,No,NA,No,NA,0.869565217,0.130434783,0,0,0,,No,NA,No,NA,,,,,,,,,
221,BCMB,4110,,2021,Fall,Barb,Orlando,No,NA,No,NA,0.8,0,0,0.2,0,,Yes,221-Grading.txt,No,NA,,,,,,,,,
222,MIBO,4110,,2020,Fall,Paz,NA,No,NA,No,NA,0.86,0.086,0,0.05,0,,Yes,222-Grading.txt,Yes,222-Attend.txt,,,,,,,,,
223,MIBO,4120,,2021,Fall,Mishra,NA,Yes,223-LO.txt,No,NA,0.3,0.5,0.05,0.15,0,,No,NA,Yes,223-Attend.txt,,,,,,,,,
224,PSYC,4120,,2011,Spring,Bovier,NA,No,NA,No,NA,0.6,0,0,0.4,0,,Yes,224-Grading.txt,No,NA,,,,,,,,,
225,PSYC,4120,,2021,Fall,Brown,NA,No,NA,No,NA,0.8,0,0.5,0.15,0,,Yes,225-Grading.txt,Yes,225-Attend.txt,,,,,,,,,
226,PSYC,4120,,2014,Fall,Fletcher,NA,No,NA,No,NA,0.6,0,0,0.4,0,,Yes,226-Grading.txt,No,NA,,,,,,,,,
227,PSYC,4120,,2017,Spring,Hale,NA,Yes,227-LO.txt,No,NA,0.8,0,0.2,0,0,,Yes,227-Grading.txt,Yes,227-Attend.txt,,,,,,,,,
228,PSYC,4120,,2019,Spring,Hammond,NA,No,NA,No,NA,0.85,0,0.15,0,0,,Yes,228-Grading.txt,Yes,228-Attend.txt,,,,,,,,,
229,PSYC,4120,,2018,Fall,Howard,NA,No,NA,No,NA,0.727,0,0.09,0.18,0,,Yes,229-Grading.txt,Yes,229-Attend.txt,,,,,,,,,
230,PSYC,4120,,2012,Fall,O'Brien,NA,No,NA,Yes,230-DEI.txt,1,0,0,0,0,,Yes,230-Grading.txt,Yes,230-Attend.txt,,,,,,,,,
231,PSYC,4120,,2010,Fall,Renzi,Bovier,No,NA,No,NA,0.85,0,0.15,0,0,,Yes,231-Grading.txt,Yes,231-Attend.txt,,,,,,,,,
232,PSYC,4120,,2014,Spring,Springham,NA,No,NA,No,NA,1,0,0,0,0,,No,NA,No,NA,,,,,,,,,
233,PSYC,4120,,2018,Spring,Vratanina-Smoot,NA,Yes,233-LO.txt,No,NA,0.75,0,0,0.25,0,,Yes,233-Grading.txt,Yes,233-Attend.txt,,,,,,,,,
234,BCMB ,4130,,2022,Spring,Haltiwanger,NA,No,NA,No,NA,0.8,0,0,0.2,0,,No,NA,No,NA,,,,,,,,,
235,PSYC,4130,,2014,Spring,Eshchar,Stringham,No,NA,No,NA,0.8,0,0,0.2,0,,No,NA,No,NA,,,,,,,,,
236,PSYC,4130,,2014,Spring,Groves-Chapman,NA,Yes,236-LO.txt,No,NA,0,0.4,0.3,0.3,0,,No,236-Grading.txt,Yes,236-Attend.txt,,,,,,,,,
237,PSYC,4130,,2017,Fall,Holmes,Burton,Yes,237-LO.txt,No,NA,1,0,0,0,0,,No,NA,Yes,237-Attend.txt,,,,,,,,,
238,PSYC,4130,,2019,Spring,Howard,NA,No,NA,No,NA,0.74,0,0.185,0.074,0,,Yes,238-Grading.txt,Yes,238-Attend.txt,,,,,,,,,
239,PSYC,4130,,2020,Spring,McMains,NA,Yes,239-LO.txt,No,NA,0.714,0,0,0.286,0,,Yes,239-Grading.txt,Yes,239-Attend.txt,,,,,,,,,
240,PSYC,4130,,2011,Summer,Renzi,O’Brien,No,NA,No,NA,0.85,0,0.15,0,0,,Yes,240-Grading.txt,Yes,240-Attend.txt,,,,,,,,,
241,PSYC,4130,,2013,Spring,Suplita,NA,No,NA,No,NA,1,0,0,0,0,,Yes,241-Grading.txt,Yes,241-Attend.txt,,,,,,,,,
242,PSYC,4130,,2012,Summer,Wong,NA,Yes,242-LO.txt,No,NA,0.714,0,0,0.286,0,,Yes,242-Grading.txt,Yes,242-Attend.txt,,,,,,,,,
243,PSYC,4140,,2018,Fall,Haas,NA,No,NA,No,NA,0.4,0,0.1,0.5,0,,Yes,243-Grading.txt,Yes,243-Attend.txt,,,,,,,,,
244,PSYC,4140,,2018,Fall,Clementz,Edge,No,NA,No,NA,1,0,0,0,0,,Yes,244-Grading.txt,Yes,244-Attend.txt,,,,,,,,,
245,PSYC,4140,,2018,Spring,Hallowell,NA,No,NA,No,NA,0.7,0,0.15,0.15,0,,Yes,245-Grading.txt,Yes,245-Attend.txt,,,,,,,,,
246,PSYC,4140,,2017,Fall,Mewborn,Hallowel,No,NA,No,NA,0.7,0,0.15,0.15,0,,Yes,246-Grading.txt,Yes,246-Attend.txt,,,,,,,,,
247,,,,,,,,,,,,,,,,,,,,,,,,,,,,,,
248,,,,,,,,,,,,,,,,,,,,,,,,,,,,,,
249,,,,,,,,,,,,,,,,,,,,,,,,,,,,,,
250,,,,,,,,,,,,,,,,,,,,,,,,,,,,,,
251,,,,,,,,,,,,,,,,,,,,,,,,,,,,,,
252,,,,,,,,,,,,,,,,,,,,,,,,,,,,,,
253,,,,,,,,,,,,,,,,,,,,,,,,,,,,,,
254,,,,,,,,,,,,,,,,,,,,,,,,,,,,,,
255,,,,,,,,,,,,,,,,,,,,,,,,,,,,,,
256,,,,,,,,,,,,,,,,,,,,,,,,,,,,,,
257,,,,,,,,,,,,,,,,,,,,,,,,,,,,,,
258,,,,,,,,,,,,,,,,,,,,,,,,,,,,,,
259,,,,,,,,,,,,,,,,,,,,,,,,,,,,,,
260,,,,,,,,,,,,,,,,,,,,,,,,,,,,,,
261,,,,,,,,,,,,,,,,,,,,,,,,,,,,,,
262,,,,,,,,,,,,,,,,,,,,,,,,,,,,,,
263,,,,,,,,,,,,,,,,,,,,,,,,,,,,,,
264,,,,,,,,,,,,,,,,,,,,,,,,,,,,,,
265,,,,,,,,,,,,,,,,,,,,,,,,,,,,,,
266,,,,,,,,,,,,,,,,,,,,,,,,,,,,,,
267,,,,,,,,,,,,,,,,,,,,,,,,,,,,,,
268,,,,,,,,,,,,,,,,,,,,,,,,,,,,,,
269,,,,,,,,,,,,,,,,,,,,,,,,,,,,,,
270,,,,,,,,,,,,,,,,,,,,,,,,,,,,,,
271,,,,,,,,,,,,,,,,,,,,,,,,,,,,,,
272,,,,,,,,,,,,,,,,,,,,,,,,,,,,,,
273,,,,,,,,,,,,,,,,,,,,,,,,,,,,,,
274,,,,,,,,,,,,,,,,,,,,,,,,,,,,,,
275,,,,,,,,,,,,,,,,,,,,,,,,,,,,,,
276,,,,,,,,,,,,,,,,,,,,,,,,,,,,,,
277,,,,,,,,,,,,,,,,,,,,,,,,,,,,,,
278,,,,,,,,,,,,,,,,,,,,,,,,,,,,,,
279,,,,,,,,,,,,,,,,,,,,,,,,,,,,,,
280,,,,,,,,,,,,,,,,,,,,,,,,,,,,,,
281,,,,,,,,,,,,,,,,,,,,,,,,,,,,,,
282,,,,,,,,,,,,,,,,,,,,,,,,,,,,,,
283,,,,,,,,,,,,,,,,,,,,,,,,,,,,,,
284,,,,,,,,,,,,,,,,,,,,,,,,,,,,,,
285,,,,,,,,,,,,,,,,,,,,,,,,,,,,,,
286,,,,,,,,,,,,,,,,,,,,,,,,,,,,,,
287,,,,,,,,,,,,,,,,,,,,,,,,,,,,,,
288,,,,,,,,,,,,,,,,,,,,,,,,,,,,,,
289,,,,,,,,,,,,,,,,,,,,,,,,,,,,,,
290,,,,,,,,,,,,,,,,,,,,,,,,,,,,,,
291,,,,,,,,,,,,,,,,,,,,,,,,,,,,,,
292,,,,,,,,,,,,,,,,,,,,,,,,,,,,,,
293,,,,,,,,,,,,,,,,,,,,,,,,,,,,,,
294,,,,,,,,,,,,,,,,,,,,,,,,,,,,,,
295,,,,,,,,,,,,,,,,,,,,,,,,,,,,,,
296,,,,,,,,,,,,,,,,,,,,,,,,,,,,,,
297,,,,,,,,,,,,,,,,,,,,,,,,,,,,,,
298,,,,,,,,,,,,,,,,,,,,,,,,,,,,,,
299,,,,,,,,,,,,,,,,,,,,,,,,,,,,,,
300,,,,,,,,,,,,,,,,,,,,,,,,,,,,,,
301,,,,,,,,,,,,,,,,,,,,,,,,,,,,,,
302,,,,,,,,,,,,,,,,,,,,,,,,,,,,,,
303,,,,,,,,,,,,,,,,,,,,,,,,,,,,,,
304,,,,,,,,,,,,,,,,,,,,,,,,,,,,,,
305,,,,,,,,,,,,,,,,,,,,,,,,,,,,,,
306,,,,,,,,,,,,,,,,,,,,,,,,,,,,,,
307,,,,,,,,,,,,,,,,,,,,,,,,,,,,,,
308,,,,,,,,,,,,,,,,,,,,,,,,,,,,,,
309,,,,,,,,,,,,,,,,,,,,,,,,,,,,,,
310,,,,,,,,,,,,,,,,,,,,,,,,,,,,,,
311,,,,,,,,,,,,,,,,,,,,,,,,,,,,,,
312,,,,,,,,,,,,,,,,,,,,,,,,,,,,,,
313,,,,,,,,,,,,,,,,,,,,,,,,,,,,,,
314,,,,,,,,,,,,,,,,,,,,,,,,,,,,,,
315,,,,,,,,,,,,,,,,,,,,,,,,,,,,,,
316,,,,,,,,,,,,,,,,,,,,,,,,,,,,,,
317,,,,,,,,,,,,,,,,,,,,,,,,,,,,,,
318,,,,,,,,,,,,,,,,,,,,,,,,,,,,,,
319,,,,,,,,,,,,,,,,,,,,,,,,,,,,,,
320,,,,,,,,,,,,,,,,,,,,,,,,,,,,,,
321,,,,,,,,,,,,,,,,,,,,,,,,,,,,,,
322,,,,,,,,,,,,,,,,,,,,,,,,,,,,,,
323,,,,,,,,,,,,,,,,,,,,,,,,,,,,,,
324,,,,,,,,,,,,,,,,,,,,,,,,,,,,,,
325,,,,,,,,,,,,,,,,,,,,,,,,,,,,,,
326,,,,,,,,,,,,,,,,,,,,,,,,,,,,,,
327,,,,,,,,,,,,,,,,,,,,,,,,,,,,,,
328,,,,,,,,,,,,,,,,,,,,,,,,,,,,,,
329,,,,,,,,,,,,,,,,,,,,,,,,,,,,,,
330,,,,,,,,,,,,,,,,,,,,,,,,,,,,,,
331,,,,,,,,,,,,,,,,,,,,,,,,,,,,,,
332,,,,,,,,,,,,,,,,,,,,,,,,,,,,,,
333,,,,,,,,,,,,,,,,,,,,,,,,,,,,,,
334,,,,,,,,,,,,,,,,,,,,,,,,,,,,,,
335,,,,,,,,,,,,,,,,,,,,,,,,,,,,,,
336,,,,,,,,,,,,,,,,,,,,,,,,,,,,,,
337,,,,,,,,,,,,,,,,,,,,,,,,,,,,,,
338,,,,,,,,,,,,,,,,,,,,,,,,,,,,,,
339,,,,,,,,,,,,,,,,,,,,,,,,,,,,,,
340,,,,,,,,,,,,,,,,,,,,,,,,,,,,,,
341,,,,,,,,,,,,,,,,,,,,,,,,,,,,,,
342,,,,,,,,,,,,,,,,,,,,,,,,,,,,,,
343,,,,,,,,,,,,,,,,,,,,,,,,,,,,,,
344,,,,,,,,,,,,,,,,,,,,,,,,,,,,,,
345,,,,,,,,,,,,,,,,,,,,,,,,,,,,,,
346,,,,,,,,,,,,,,,,,,,,,,,,,,,,,,
347,,,,,,,,,,,,,,,,,,,,,,,,,,,,,,
348,,,,,,,,,,,,,,,,,,,,,,,,,,,,,,
349,,,,,,,,,,,,,,,,,,,,,,,,,,,,,,
350,,,,,,,,,,,,,,,,,,,,,,,,,,,,,,
351,,,,,,,,,,,,,,,,,,,,,,,,,,,,,,
352,,,,,,,,,,,,,,,,,,,,,,,,,,,,,,
353,,,,,,,,,,,,,,,,,,,,,,,,,,,,,,
354,,,,,,,,,,,,,,,,,,,,,,,,,,,,,,
355,,,,,,,,,,,,,,,,,,,,,,,,,,,,,,
356,,,,,,,,,,,,,,,,,,,,,,,,,,,,,,
357,,,,,,,,,,,,,,,,,,,,,,,,,,,,,,
358,,,,,,,,,,,,,,,,,,,,,,,,,,,,,,
359,,,,,,,,,,,,,,,,,,,,,,,,,,,,,,
360,,,,,,,,,,,,,,,,,,,,,,,,,,,,,,
361,,,,,,,,,,,,,,,,,,,,,,,,,,,,,,
