Index,Department_Code,Course_Number,Division,Course_Number_Suffix,Year,Semester,Last_Name,Other_Instructors,Learning_Outcomes_Present,Learning_Outcome_File,DEI_Statement_Present,DEI_Statement_File,Exam_Grade_Prop,Quiz_Grade_Prop,Participation_Grade_Prop,Project/Assignment_Grade_Prop,Other_Grade_Prop,Other_Grade_Description,Grading_Present,Grading_File,Attend_Present,Attend_File,Notes,GradeTone1,GradeTone1scale,GradeTone2,GradeTone2scale,AttendTone1,AttendTone1scale,AttendTone2,AttendTone2scale,Lead_Instructor,Lead_Rank2,Lead_Track,Other_Rank2,Other_Track,Class_Size,AttendPolarity,AttendSubjectivity,GradingPolarity,GradingSubjectivity,Grade_Segment,Grade_WC,Grade_Analytic,Grade_Clout,Grade_Authentic,Grade_Tone,Grade_WPS,Grade_BigWords,Grade_Dic,Grade_Linguistic,Grade_function,Grade_pronoun,Grade_ppron,Grade_i,Grade_we,Grade_you,Grade_shehe,Grade_they,Grade_ipron,Grade_det,Grade_article,Grade_number,Grade_prep,Grade_auxverb,Grade_adverb,Grade_conj,Grade_negate,Grade_verb,Grade_adj,Grade_quantity,Grade_Drives,Grade_affiliation,Grade_achieve,Grade_power,Grade_Cognition,Grade_allnone,Grade_cogproc,Grade_insight,Grade_cause,Grade_discrep,Grade_tentat,Grade_certitude,Grade_differ,Grade_memory,Grade_Affect,Grade_tone_pos,Grade_tone_neg,Grade_emotion,Grade_emo_pos,Grade_emo_neg,Grade_emo_anx,Grade_emo_anger,Grade_emo_sad,Grade_swear,Grade_Social,Grade_socbehav,Grade_prosocial,Grade_polite,Grade_conflict,Grade_moral,Grade_comm,Grade_socrefs,Grade_family,Grade_friend,Grade_female,Grade_male,Grade_Culture,Grade_politic,Grade_ethnicity,Grade_tech,Grade_Lifestyle,Grade_leisure,Grade_home,Grade_work,Grade_money,Grade_relig,Grade_Physical,Grade_health,Grade_illness,Grade_wellness,Grade_mental,Grade_substances,Grade_sexual,Grade_food,Grade_death,Grade_need,Grade_want,Grade_acquire,Grade_lack,Grade_fulfill,Grade_fatigue,Grade_reward,Grade_risk,Grade_curiosity,Grade_allure,Grade_Perception,Grade_attention,Grade_motion,Grade_space,Grade_visual,Grade_auditory,Grade_feeling,Grade_time,Grade_focuspast,Grade_focuspresent,Grade_focusfuture,Grade_Conversation,Grade_netspeak,Grade_assent,Grade_nonflu,Grade_filler,Grade_AllPunc,Grade_Period,Grade_Comma,Grade_QMark,Grade_Exclam,Grade_Apostro,Grade_OtherP,Grade_Emoji,Attend_Segment,Attend_WC,Attend_Analytic,Attend_Clout,Attend_Authentic,Attend_Tone,Attend_WPS,Attend_BigWords,Attend_Dic,Attend_Linguistic,Attend_function,Attend_pronoun,Attend_ppron,Attend_i,Attend_we,Attend_you,Attend_shehe,Attend_they,Attend_ipron,Attend_det,Attend_article,Attend_number,Attend_prep,Attend_auxverb,Attend_adverb,Attend_conj,Attend_negate,Attend_verb,Attend_adj,Attend_quantity,Attend_Drives,Attend_affiliation,Attend_achieve,Attend_power,Attend_Cognition,Attend_allnone,Attend_cogproc,Attend_insight,Attend_cause,Attend_discrep,Attend_tentat,Attend_certitude,Attend_differ,Attend_memory,Attend_Affect,Attend_tone_pos,Attend_tone_neg,Attend_emotion,Attend_emo_pos,Attend_emo_neg,Attend_emo_anx,Attend_emo_anger,Attend_emo_sad,Attend_swear,Attend_Social,Attend_socbehav,Attend_prosocial,Attend_polite,Attend_conflict,Attend_moral,Attend_comm,Attend_socrefs,Attend_family,Attend_friend,Attend_female,Attend_male,Attend_Culture,Attend_politic,Attend_ethnicity,Attend_tech,Attend_Lifestyle,Attend_leisure,Attend_home,Attend_work,Attend_money,Attend_relig,Attend_Physical,Attend_health,Attend_illness,Attend_wellness,Attend_mental,Attend_substances,Attend_sexual,Attend_food,Attend_death,Attend_need,Attend_want,Attend_acquire,Attend_lack,Attend_fulfill,Attend_fatigue,Attend_reward,Attend_risk,Attend_curiosity,Attend_allure,Attend_Perception,Attend_attention,Attend_motion,Attend_space,Attend_visual,Attend_auditory,Attend_feeling,Attend_time,Attend_focuspast,Attend_focuspresent,Attend_focusfuture,Attend_Conversation,Attend_netspeak,Attend_assent,Attend_nonflu,Attend_filler,Attend_AllPunc,Attend_Period,Attend_Comma,Attend_QMark,Attend_Exclam,Attend_Apostro,Attend_OtherP,Attend_Emoji,All_Segment,All_WC,All_Analytic,All_Clout,All_Authentic,All_Tone,All_WPS,All_BigWords,All_Dic,All_Linguistic,All_function,All_pronoun,All_ppron,All_i,All_we,All_you,All_shehe,All_they,All_ipron,All_det,All_article,All_number,All_prep,All_auxverb,All_adverb,All_conj,All_negate,All_verb,All_adj,All_quantity,All_Drives,All_affiliation,All_achieve,All_power,All_Cognition,All_allnone,All_cogproc,All_insight,All_cause,All_discrep,All_tentat,All_certitude,All_differ,All_memory,All_Affect,All_tone_pos,All_tone_neg,All_emotion,All_emo_pos,All_emo_neg,All_emo_anx,All_emo_anger,All_emo_sad,All_swear,All_Social,All_socbehav,All_prosocial,All_polite,All_conflict,All_moral,All_comm,All_socrefs,All_family,All_friend,All_female,All_male,All_Culture,All_politic,All_ethnicity,All_tech,All_Lifestyle,All_leisure,All_home,All_work,All_money,All_relig,All_Physical,All_health,All_illness,All_wellness,All_mental,All_substances,All_sexual,All_food,All_death,All_need,All_want,All_acquire,All_lack,All_fulfill,All_fatigue,All_reward,All_risk,All_curiosity,All_allure,All_Perception,All_attention,All_motion,All_space,All_visual,All_auditory,All_feeling,All_time,All_focuspast,All_focuspresent,All_focusfuture,All_Conversation,All_netspeak,All_assent,All_nonflu,All_filler,All_AllPunc,All_Period,All_Comma,All_QMark,All_Exclam,All_Apostro,All_OtherP,All_Emoji,Class_Size_Cat,lab
9,BIOL,1103,lower,L,2021,NA,Martin,NA,Maybe,9-LO.txt,No,NA,0,0,0,1,0,NA,Yes,9-Grading.txt,Yes,9-Attend.txt,NA,direct,5,formal,4,informative,5,NA,NA,Martin,LABORATORY PROFESSIONAL AD,non-tenure,NA,NA,24,0.011485507,0.298478261,-0.15,0.133333333,1,50,98.41,74.29,35.01,4.56,25,22,94,72,58,4,4,0,0,4,0,0,0,20,12,2,24,10,4,4,2,18,2,6,0,0,0,0,14,2,12,2,4,4,2,4,0,0,2,0,2,0,0,0,0,0,0,0,14,10,0,0,4,0,4,4,0,0,0,0,0,0,0,0,12,0,0,12,0,0,0,0,0,0,0,0,0,0,0,0,0,0,0,0,0,0,0,0,4,10,2,2,6,0,0,0,10,8,0,2,0,0,0,0,0,8,4,4,0,0,0,0,0,1,250,83.71,78.02,24.96,25.39,35.71,30,84.8,59.2,46.8,7.2,4.8,0,0,4.4,0,0.4,2.4,15.2,8.8,3.2,13.2,8.4,1.6,8,0.4,12.8,4.8,5.6,2,0,1.6,0.4,8,0.4,7.6,0.8,2.8,0.4,2.8,0,3.6,0,0.4,0.4,0,0,0,0,0,0,0,0,11.2,4.8,0.4,0,0,1.6,2,6.4,0,0,0,0,0,0,0,0,7.2,0.4,0,6.4,0.4,0,2.4,1.2,1.2,0,0,0,0,0,0.4,0.4,0,0.8,4.4,0,0,0.4,0,0,2.4,4.8,0,0.4,4.4,0,0,0,5.6,2,2.8,3.2,0,0,0,0,0,12.8,3.6,4,0,0,0,5.2,0,1,2395,89.4,65.41,21.98,39.03,25.21,27.85,78.66,51.52,39.54,4.76,3.22,0.17,0.71,2.09,0,0.17,1.54,10.81,6.64,5.93,12.99,7.14,1.34,5.8,0.67,12.53,4.59,3.26,3.59,1.29,1.46,0.88,11.44,0.58,10.86,2.46,2.3,1.25,2.84,0.54,3.09,0,1.96,1.63,0.33,0.17,0.04,0.13,0.08,0.04,0,0,11.27,5.72,1.13,0.5,0.13,0.58,2.34,5.43,0,0,0,0.25,0.88,0.04,0,0.84,9.81,0.04,0.13,9.48,0.25,0,1.88,0.67,0.21,0.08,0.17,0,0,0.46,0.04,1.09,0.04,0.54,0.67,0.17,0,0.29,0.21,0.63,2.71,6.22,0.17,0.46,5.26,0.25,0.04,0,3.67,1.59,2.38,2.46,0.33,0.33,0.04,0,0,16.87,4.18,2.13,0.04,0.04,0.33,10.15,0,small,yes
10,BIOL,1103,lower,L,2013,NA,Miller,NA,No,NA,No,NA,0,0,0,1,0,NA,Yes,10-Grading.txt,Yes,10-Attend.txt,NA,informative,5,NA,NA,informative,5,NA,NA,Miller,ACADEMIC PROFESSIONAL,non-tenure,NA,NA,20,0.013953488,0.271511628,-0.013461538,0.372435897,1,268,95.06,68.39,23.72,20.23,22.33,19.78,90.3,64.55,52.61,6.34,5.97,0.37,0,2.99,0,1.12,0.37,17.91,10.07,1.49,18.28,8.58,1.49,4.85,1.87,15.3,2.61,5.6,4.48,0,2.99,1.49,12.69,2.24,10.45,1.49,1.87,2.99,2.99,1.49,3.36,0,2.24,1.12,1.12,0.75,0.37,0,0,0,0,0,11.19,3.73,0,0.37,0.75,0,1.49,7.46,0,0,0,0,0,0,0,0,12.69,0,0,11.57,1.12,0,0.37,0.37,0.37,0,0,0,0,0,0,0,0.37,0.75,1.12,1.49,0,0.75,1.12,0,4.85,5.6,0.75,0.75,4.1,0,0,0,7.09,5.97,1.87,2.61,0,0,0,0,0,11.19,4.48,3.36,0,0,0.37,2.99,0,1,427,85.55,49.82,49.37,20.23,28.47,21.78,83.14,66.28,51.99,8.2,4.45,0,0,3.98,0,0,3.75,19.44,10.07,2.58,13.58,7.26,2.81,7.03,0.94,11.94,6.32,8.43,1.87,0,0.94,0.94,15.46,0.94,14.05,0.94,4.45,0,4.68,0,7.03,0,0,0,0,0,0,0,0,0,0,0,12.18,6.09,0.23,0.23,0,3.04,0.23,5.62,0,0,0,0,0,0,0,0,6.09,0,0.23,5.39,0.7,0,0,0,0,0,0,0,0,0,0,0.23,0,1.17,1.17,0.94,0,0,0,0,3.75,4.92,0,0.94,3.75,0.23,0,0,5.39,2.34,2.81,2.58,0,0,0,0,0,10.3,3.98,2.81,0,0,0,3.51,0,1,2201,91.12,64.74,21.22,32.17,19.83,25.17,76.74,49.2,39.3,5.59,3.5,0.18,0.18,2.5,0.05,0.32,2.09,12.49,7.13,7.5,12.99,5.86,1.82,4.86,0.77,9.95,4.23,3.68,3.41,0.36,2.14,0.95,11.09,1,10,2.41,2.54,0.86,2.59,0.55,3.18,0,1.5,1.18,0.32,0.14,0.05,0.05,0,0,0.05,0,10.36,4.32,0.32,0.14,0.09,1.09,1.54,5.63,0,0.05,0,0.05,0.68,0,0,0.68,9.9,0.14,0.41,8.95,0.55,0.05,0.68,0.27,0.23,0,0,0,0,0.27,0,0.27,0.05,0.73,0.5,0.59,0,0.45,0.18,0.23,3.23,5,0.09,0.5,4.09,0.32,0,0,4.27,2,2.45,1.64,0.09,0.09,0,0,0,22.49,5.41,3.95,0.05,0.23,0.27,12.59,0,small,yes
15,BIOL,1104,lower,L,2021,Spring,Martin,NA,Maybe,15-LO.txt,No,NA,0,0,0,1,0,NA,Yes,15-Grading.txt,Yes,15-Attend.txt,NA,direct,3,informative,2,informative,5,NA,NA,Martin,LABORATORY PROFESSIONAL AD,non-tenure,NA,NA,20,0.011485507,0.298478261,-0.012745098,0.409640523,1,227,84.66,58.42,18.67,25.95,17.46,26.87,82.82,61.23,50.66,5.73,3.52,0,1.32,2.2,0,0,2.2,15.42,7.49,2.2,16.3,10.57,2.64,6.61,1.32,14.54,3.96,3.96,2.64,1.32,1.32,0,11.45,0.88,10.57,0.88,1.76,2.2,3.08,0.88,4.41,0,2.2,1.32,0.88,0,0,0,0,0,0,0,10.13,4.85,1.32,0.44,0.88,0.44,1.32,5.29,0,0,0,0,0.44,0.44,0,0,11.45,0,0,11.01,0.44,0,0,0,0,0,0,0,0,0,0,0,0.44,0.88,0.44,0.44,0,0.44,0,0,3.08,5.29,0.88,0.88,2.64,0.88,0,0,6.61,2.2,1.76,3.08,0,0,0,0,0,9.69,6.17,1.32,0,0,0.88,1.32,0,1,250,83.71,78.02,24.96,25.39,35.71,30,84.8,59.2,46.8,7.2,4.8,0,0,4.4,0,0.4,2.4,15.2,8.8,3.2,13.2,8.4,1.6,8,0.4,12.8,4.8,5.6,2,0,1.6,0.4,8,0.4,7.6,0.8,2.8,0.4,2.8,0,3.6,0,0.4,0.4,0,0,0,0,0,0,0,0,11.2,4.8,0.4,0,0,1.6,2,6.4,0,0,0,0,0,0,0,0,7.2,0.4,0,6.4,0.4,0,2.4,1.2,1.2,0,0,0,0,0,0.4,0.4,0,0.8,4.4,0,0,0.4,0,0,2.4,4.8,0,0.4,4.4,0,0,0,5.6,2,2.8,3.2,0,0,0,0,0,12.8,3.6,4,0,0,0,5.2,0,1,2308,88.28,66.54,17.02,39.83,24.29,28.9,78.16,52.21,39.95,4.85,3.25,0.09,0.74,2.17,0,0.17,1.6,11.09,6.8,5.11,12.65,7.41,1.39,5.98,0.69,13,4.68,3.21,3.77,1.3,1.6,0.91,11.48,0.61,10.88,2.04,2.3,1.3,2.95,0.56,3.21,0,2.04,1.69,0.35,0.17,0.04,0.13,0.09,0.04,0,0,11.7,5.98,1.17,0.52,0.13,0.61,2.47,5.59,0,0,0,0.26,0.91,0.04,0,0.87,10.01,0.04,0.13,9.66,0.26,0,1.65,0.78,0.22,0.17,0.17,0,0,0.17,0.04,1.13,0.04,0.56,0.69,0.17,0,0.3,0.22,0.48,2.73,5.63,0.17,0.43,4.64,0.3,0.04,0,3.77,1.69,2.47,2.56,0.35,0.35,0.04,0,0,16.77,4.33,2.21,0.04,0.04,0.35,9.79,0,small,yes
16,BIOL,1104,lower,L,2013,Spring,Miller,NA,No,NA,No,NA,0,0.35,0,0.65,0,NA,Yes,16-Grading.txt,Yes,16-Attend.txt,NA,informative,5,NA,NA,informative,5,formal,5,Miller,ACADEMIC PROFESSIONAL,non-tenure,NA,NA,20,0.026923077,0.320512821,-0.083333333,0.418518519,1,208,97.6,77.7,17.55,10.65,23.11,21.15,89.42,64.9,53.85,5.77,5.29,0.48,0,3.85,0,0,0.48,18.75,12.02,1.92,19.71,9.13,0.96,5.29,0.96,15.38,2.4,4.81,3.85,0,1.92,1.92,12.02,1.44,10.58,1.92,1.92,3.85,2.88,1.92,2.4,0,1.92,0.48,1.44,0.48,0,0,0,0,0,0,10.58,3.85,0,0.48,0.96,0,0.96,6.73,0,0,0,0,0,0,0,0,11.06,0,0,11.06,0,0,0.48,0.48,0.48,0,0,0,0,0,0,0,0.48,0.48,1.44,0.48,0,0,1.44,0,3.37,5.77,0.96,0.48,4.33,0,0,0,7.21,4.81,2.4,1.92,0,0,0,0,0,9.62,4.33,1.92,0,0,0.48,2.88,0,1,451,83.39,62.41,42.46,20.23,34.69,20.62,83.81,66.74,52.11,8.87,5.32,0,0,4.88,0,0,3.55,18.4,10.2,2.22,13.53,7.98,2.88,6.87,0.89,13.53,5.76,7.1,2,0,1.33,0.67,13.97,0.44,13.08,0.89,3.99,0,4.43,0,6.65,0,0.44,0.22,0.22,0,0,0,0,0,0,0,12.64,5.76,0.22,0.22,0,2.88,0.22,6.43,0,0,0,0,0,0,0,0,6.21,0,0.22,5.76,0.44,0,0,0,0,0,0,0,0,0,0,0.22,0,1.77,1.11,0.67,0,0,0.22,0,4.66,4.21,0,0.89,3.1,0.22,0,0,5.54,2.88,2.88,2.88,0,0,0,0,0,10.64,3.99,3.33,0,0,0,3.33,0,1,2192,90.2,71.89,17.64,30.13,19.57,24.09,75.55,47.35,36.95,5.34,3.7,0.14,0.14,2.87,0.05,0.27,1.64,11.77,6.66,9.08,12.04,5.7,1.64,4.79,0.73,9.31,4.38,4.38,3.97,1.6,1.69,0.73,9.53,0.68,8.76,1.32,2.37,1,2.14,0.55,3.06,0,1.64,1.19,0.46,0.18,0.05,0.09,0,0,0.09,0,11.18,5.2,1.51,0.14,0.09,1.19,1.14,6.43,0,0.05,0,0.05,0.59,0,0,0.59,8.26,0.18,0.36,7.39,0.41,0.05,0.41,0.14,0.05,0.05,0,0,0,0.05,0,0.18,0.05,0.82,0.5,0.5,0,0.32,0.27,0.23,3.42,3.74,0.09,0.5,3.06,0.09,0,0,5.98,1.78,2.05,1.6,0.14,0.14,0,0,0,25.55,5.43,2.92,0.09,0.05,0.36,16.7,0,small,yes
23,BIOL,1107,lower,L,2021,Spring,Martin,NA,Yes,23-LO.txt,No,NA,0,0,0,1,0,NA,Yes,23-Grading.txt,Yes,23-Attend.txt,NA,direct,5,NA,NA,informative,5,confident,2,Martin,LABORATORY PROFESSIONAL AD,non-tenure,NA,NA,24,0.011485507,0.298478261,-0.15,0.133333333,1,50,98.41,74.29,35.01,4.56,25,22,94,72,58,4,4,0,0,4,0,0,0,20,12,2,24,10,4,4,2,18,2,6,0,0,0,0,14,2,12,2,4,4,2,4,0,0,2,0,2,0,0,0,0,0,0,0,14,10,0,0,4,0,4,4,0,0,0,0,0,0,0,0,12,0,0,12,0,0,0,0,0,0,0,0,0,0,0,0,0,0,0,0,0,0,0,0,4,10,2,2,6,0,0,0,10,8,0,2,0,0,0,0,0,8,4,4,0,0,0,0,0,1,250,83.71,78.02,24.96,25.39,27.78,30,84.8,59.2,46.8,7.2,4.8,0,0,4.4,0,0.4,2.4,15.2,8.8,3.2,13.2,8.4,1.6,8,0.4,12.8,4.8,5.6,2,0,1.6,0.4,8,0.4,7.6,0.8,2.8,0.4,2.8,0,3.6,0,0.4,0.4,0,0,0,0,0,0,0,0,11.2,4.8,0.4,0,0,1.6,2,6.4,0,0,0,0,0,0,0,0,7.2,0.4,0,6.4,0.4,0,2.4,1.2,1.2,0,0,0,0,0,0.4,0.4,0,0.8,4.4,0,0,0.4,0,0,2.4,4.8,0,0.4,4.4,0,0,0,5.6,2,2.8,3.2,0,0,0,0,0,12.4,3.6,4,0,0,0,4.8,0,1,2429,88.71,63.69,20.53,40.09,24.79,28.24,78.92,51.46,39.28,5.02,3.38,0.37,0.7,2.06,0,0.16,1.65,10.66,6.59,6.5,12.84,7.08,1.32,5.93,0.66,12.31,4.53,3.58,3.58,1.24,1.52,0.86,11.24,0.58,10.66,2.39,2.1,1.28,2.8,0.54,3.05,0,2.02,1.69,0.33,0.16,0.04,0.12,0.08,0.04,0,0,11.03,5.6,1.11,0.49,0.12,0.58,2.26,5.31,0,0,0,0.25,0.86,0.04,0,0.82,10.33,0.04,0.12,10,0.25,0,1.48,0.66,0.21,0.08,0.16,0,0,0.08,0.04,1.07,0.04,0.54,0.66,0.16,0,0.29,0.21,0.33,2.88,5.35,0.16,0.37,4.49,0.25,0.04,0,4.2,1.56,2.35,2.43,0.33,0.33,0.04,0,0,17.5,4.12,2.1,0.04,0.16,0.33,10.75,0,small,yes
24,BIOL,1107,lower,L,2011,Fall,Miller,NA,No,NA,No,NA,0,0,0,1,0,NA,Yes,24-Grading.txt,Yes,24-Attend.txt,NA,informative,5,NA,NA,informative,5,formal,4,Miller,ACADEMIC PROFESSIONAL,non-tenure,NA,NA,20,0.013643791,0.336251167,-0.3,0.2,1,70,98.25,95.38,16.97,20.23,23.33,14.29,91.43,70,60,7.14,7.14,0,0,7.14,0,0,0,24.29,14.29,1.43,21.43,8.57,2.86,4.29,1.43,15.71,1.43,4.29,0,0,0,0,12.86,2.86,10,1.43,2.86,4.29,1.43,2.86,0,0,2.86,1.43,1.43,0,0,0,0,0,0,0,14.29,7.14,0,0,2.86,0,2.86,7.14,0,0,0,0,0,0,0,0,10,0,0,10,0,0,0,0,0,0,0,0,0,0,0,0,0,0,0,0,0,0,0,0,4.29,7.14,1.43,1.43,4.29,0,0,0,10,5.71,0,1.43,0,0,0,0,0,7.14,4.29,2.86,0,0,0,0,0,1,518,79.29,66.19,37.8,17.96,24.67,21.43,83.59,65.06,51.74,8.88,6.18,0,0,5.21,0.58,0,2.7,17.37,9.07,2.51,13.51,8.11,2.32,7.53,1.54,12.93,5.21,7.72,3.47,0.39,1.74,1.35,14.48,0.39,13.71,0.97,3.47,0.39,4.25,0.19,7.14,0,0.58,0.19,0.39,0,0,0,0,0,0,0,12.74,4.63,0.19,0.39,0,1.93,0.39,7.92,0,0,0.19,0.39,0,0,0,0,6.76,0,0,5.98,0.77,0,0,0,0,0,0,0,0,0,0,0.19,0.19,1.16,1.54,0.39,0,0,0.58,0,3.67,4.05,0.19,0.77,2.9,0.19,0,0,5.6,1.74,2.32,3.09,0,0,0,0,0,11,4.63,3.09,0,0,0.19,3.09,0,1,2644,84.83,75.63,21.27,27.76,21.85,25.64,79.35,54.95,44.21,7.98,5.37,0.23,0.15,4.61,0.11,0.19,2.61,13.31,6.92,5.48,13.62,6.62,2.19,5.9,0.83,11.46,4.69,3.74,3.71,0.61,2.23,0.91,12.1,0.57,11.46,2,2.5,1.1,3.06,0.38,4.5,0.04,2,1.29,0.72,0.26,0.08,0.19,0,0,0.19,0,11.95,4.73,0.49,0.26,0.08,0.95,1.66,7.07,0,0.08,0.08,0.08,0.83,0,0,0.83,8.93,0.04,0.42,8.21,0.45,0.04,0.53,0.3,0,0.26,0,0,0,0,0,0.57,0.04,0.79,0.45,0.42,0,0.23,0.19,0.38,3.4,4.73,0.15,0.57,3.78,0.3,0.04,0.04,3.86,1.78,2.69,2.27,0.3,0.23,0.08,0,0,18.12,4.99,3.93,0.04,0,0.08,9.08,0,small,yes
25,BIOL,1107,lower,L,2013,Spring,Miller,NA,No,NA,No,NA,0,0,0,1,0,NA,No,NA,Yes,25-Attend.txt,NA,NA,NA,NA,NA,informative,5,formal,2,Miller,ACADEMIC PROFESSIONAL,non-tenure,NA,NA,20,0.013416667,0.32397619,NA,NA,NA,NA,NA,NA,NA,NA,NA,NA,NA,NA,NA,NA,NA,NA,NA,NA,NA,NA,NA,NA,NA,NA,NA,NA,NA,NA,NA,NA,NA,NA,NA,NA,NA,NA,NA,NA,NA,NA,NA,NA,NA,NA,NA,NA,NA,NA,NA,NA,NA,NA,NA,NA,NA,NA,NA,NA,NA,NA,NA,NA,NA,NA,NA,NA,NA,NA,NA,NA,NA,NA,NA,NA,NA,NA,NA,NA,NA,NA,NA,NA,NA,NA,NA,NA,NA,NA,NA,NA,NA,NA,NA,NA,NA,NA,NA,NA,NA,NA,NA,NA,NA,NA,NA,NA,NA,NA,NA,NA,NA,NA,NA,NA,NA,NA,NA,NA,NA,NA,NA,1,527,80.7,65.77,35.88,18,25.1,20.87,83.11,64.9,52.56,8.73,5.88,0,0,5.31,0.19,0,2.85,17.27,9.11,2.47,14.42,7.78,2.85,7.97,1.33,12.14,5.31,7.21,3.8,0.38,1.9,1.52,14.61,0.57,13.66,0.95,3.8,0.38,4.17,0.19,7.02,0,0.57,0.19,0.38,0,0,0,0,0,0,0,12.52,4.93,0.19,0.38,0,2.09,0.38,7.4,0,0,0,0.19,0,0,0,0,6.64,0,0,6.07,0.57,0,0.19,0,0,0,0,0,0,0,0,0.19,0.19,0.95,1.71,0.57,0,0.19,0.57,0,3.8,4.17,0.19,0.57,3.23,0.19,0,0,4.93,1.71,2.28,2.85,0,0,0,0,0,11.2,4.17,2.85,0,0,0.19,3.98,0,1,3095,85.87,70.61,24.47,36.9,23.81,25.59,80.03,54.96,44.01,7.43,5.11,0.32,0.16,4.26,0.03,0.16,2.33,12.92,6.91,6.14,13.86,6.49,2,6.37,0.87,11.44,4.91,3.72,3.46,0.55,2.1,0.84,12.05,0.58,11.41,1.78,2.39,1.2,3,0.39,4.78,0.03,2.2,1.68,0.52,0.23,0.06,0.16,0,0,0.16,0,11.37,4.33,0.39,0.16,0.06,0.87,1.52,6.82,0,0.06,0,0.03,0.87,0,0,0.87,9.37,0.1,0.32,8.59,0.55,0.03,0.61,0.26,0,0.23,0,0,0,0,0,0.65,0.03,0.68,0.39,0.45,0,0.23,0.19,0.36,3.2,4.62,0.16,0.61,3.65,0.26,0.03,0.03,4.39,1.78,2.81,2.1,0.29,0.23,0.06,0,0,19.84,4.39,3.62,0.06,0,0.26,11.5,0,small,yes
31,BIOL,1108,lower,L,2021,Spring,Martin,NA,Yes,31-LO.txt,No,NA,0,0,0,1,0,NA,Yes,31-Grading.txt,Yes,31-Attend.txt,NA,formal,5,informative,1,informative,3,formal,2,Martin,LABORATORY PROFESSIONAL AD,non-tenure,NA,NA,24,0.011485507,0.298478261,-0.012745098,0.409640523,1,227,84.66,58.42,18.67,25.95,17.46,26.87,82.82,61.23,50.66,5.73,3.52,0,1.32,2.2,0,0,2.2,15.42,7.49,2.2,16.3,10.57,2.64,6.61,1.32,14.54,3.96,3.96,2.64,1.32,1.32,0,11.45,0.88,10.57,0.88,1.76,2.2,3.08,0.88,4.41,0,2.2,1.32,0.88,0,0,0,0,0,0,0,10.13,4.85,1.32,0.44,0.88,0.44,1.32,5.29,0,0,0,0,0.44,0.44,0,0,11.45,0,0,11.01,0.44,0,0,0,0,0,0,0,0,0,0,0,0.44,0.88,0.44,0.44,0,0.44,0,0,3.08,5.29,0.88,0.88,2.64,0.88,0,0,6.61,2.2,1.76,3.08,0,0,0,0,0,10.13,6.17,1.32,0,0,1.32,1.32,0,1,250,83.71,78.02,24.96,25.39,27.78,30,84.8,59.2,46.8,7.2,4.8,0,0,4.4,0,0.4,2.4,15.2,8.8,3.2,13.2,8.4,1.6,8,0.4,12.8,4.8,5.6,2,0,1.6,0.4,8,0.4,7.6,0.8,2.8,0.4,2.8,0,3.6,0,0.4,0.4,0,0,0,0,0,0,0,0,11.2,4.8,0.4,0,0,1.6,2,6.4,0,0,0,0,0,0,0,0,7.2,0.4,0,6.4,0.4,0,2.4,1.2,1.2,0,0,0,0,0,0.4,0.4,0,0.8,4.4,0,0,0.4,0,0,2.4,4.8,0,0.4,4.4,0,0,0,5.6,2,2.8,3.2,0,0,0,0,0,12.4,3.6,4,0,0,0,4.8,0,1,2311,88.66,66.97,15.41,39.8,24.33,28.91,78.15,52.23,39.98,4.85,3.25,0.09,0.74,2.16,0,0.17,1.6,11.08,6.79,4.98,12.81,7.4,1.38,5.88,0.69,13.07,4.59,3.2,3.63,1.3,1.47,0.91,11.73,0.61,11.12,1.95,2.38,1.38,2.99,0.56,3.2,0,2.03,1.69,0.35,0.17,0.04,0.13,0.09,0.04,0,0,12.07,6.19,1.17,0.52,0.13,0.61,2.68,5.67,0,0,0,0.26,0.91,0.04,0,0.87,9.87,0.04,0.13,9.52,0.26,0,1.56,0.69,0.22,0.09,0.17,0,0,0.09,0.04,1.21,0.04,0.56,0.69,0.17,0,0.3,0.22,0.35,2.81,5.54,0.17,0.3,4.63,0.35,0.04,0,3.72,1.64,2.55,2.55,0.35,0.35,0.04,0,0,16.92,4.33,2.6,0.04,0.04,0.35,9.56,0,small,yes
35,BIOL,1108,lower,L,2011,Fall,Miller,NA,No,NA,No,NA,0,0.303030303,0,0.590909091,0.106060606,Peer/GLA evaluation,Yes,35-Grading.txt,Yes,35-Attend.txt,NA,informative,5,confident,2,NA,NA,NA,NA,Miller,ACADEMIC PROFESSIONAL,non-tenure,NA,NA,22,-0.001904762,0.328809524,0.08,0.193333333,1,114,91.74,90.88,28.03,46.76,22.8,14.91,90.35,67.54,54.39,8.77,7.89,0,0,4.39,0,2.63,0.88,20.18,8.77,0.88,19.3,7.02,3.51,5.26,1.75,14.91,2.63,6.14,2.63,0,2.63,0,11.4,3.51,7.89,0.88,2.63,2.63,1.75,1.75,0.88,0,3.51,2.63,0.88,0.88,0.88,0,0,0,0,0,14.04,5.26,0,0,1.75,0,2.63,8.77,0,0,0,0,0,0,0,0,14.04,0,0,12.28,1.75,0,0,0,0,0,0,0,0,0,0,0,0,0.88,0,1.75,0,1.75,0,0,7.89,7.89,0.88,1.75,5.26,0,0,0,8.77,6.14,0,2.63,0,0,0,0,0,10.53,4.39,5.26,0,0,0.88,0,0,1,517,80.49,68.31,29.09,20.23,27.21,21.28,83.37,64.99,52.03,9.09,6,0,0,5.03,0.58,0,3.09,17.21,8.7,2.32,14.12,8.12,2.32,6.96,1.55,12.96,5.03,6.77,3.09,0.39,1.55,1.16,14.31,0.58,13.35,0.97,4.06,0.39,3.87,0,6.19,0,0.77,0.39,0.39,0,0,0,0,0,0,0,13.35,5.61,0.39,0.58,0,2.32,0.39,7.54,0,0,0.19,0.39,0,0,0,0,6.58,0,0,6,0.58,0,0.19,0,0,0,0,0,0,0,0,0.19,0.19,1.16,1.74,0.39,0,0,0.58,0,3.68,4.64,0.19,0.58,3.68,0.19,0,0,4.64,1.74,2.71,3.09,0,0,0,0,0,10.83,4.06,2.71,0,0,0.19,3.87,0,1,2473,87.89,78.35,22.02,35.09,21.88,26.77,78.93,52.08,40.88,6.51,4.65,0.2,0.16,3.52,0.28,0.32,1.86,13.22,6.43,7.04,12.86,6.15,1.94,5.05,0.77,10.88,4.37,5.38,3.52,0.93,1.98,0.65,11.65,0.73,10.84,3.15,2.06,0.77,2.43,0.12,3.07,0,1.62,1.33,0.28,0.08,0.04,0.04,0,0,0.04,0,12.58,5.14,0.73,0.53,0.08,0.93,1.74,7.24,0,0.08,0.16,0.2,0.65,0,0,0.65,10.19,0.04,0.24,9.46,0.44,0.04,0.08,0,0,0,0,0,0,0,0,0.61,0.04,0.65,0.53,0.57,0,0.2,0.12,0.65,3.48,4.93,0.12,0.69,3.84,0.32,0,0,3.96,1.66,2.3,2.67,0.04,0.04,0,0,0,18.8,5.14,4.69,0.04,0,0.44,8.49,0,small,yes
36,BIOL,1108,lower,L,2012,Spring,Miller,NA,No,NA,No,NA,0,0.303030303,0,0.590909091,0.106060606,Peer/GLA evaluation,Yes,36-Grading.txt,Yes,36-Attend.txt,NA,informative,5,confident,2,NA,NA,NA,NA,Miller,ACADEMIC PROFESSIONAL,non-tenure,NA,NA,20,-0.001904762,0.328809524,0.08,0.193333333,1,114,91.74,90.88,28.03,46.76,22.8,14.91,90.35,67.54,54.39,8.77,7.89,0,0,4.39,0,2.63,0.88,20.18,8.77,0.88,19.3,7.02,3.51,5.26,1.75,14.91,2.63,6.14,2.63,0,2.63,0,11.4,3.51,7.89,0.88,2.63,2.63,1.75,1.75,0.88,0,3.51,2.63,0.88,0.88,0.88,0,0,0,0,0,14.04,5.26,0,0,1.75,0,2.63,8.77,0,0,0,0,0,0,0,0,14.04,0,0,12.28,1.75,0,0,0,0,0,0,0,0,0,0,0,0,0.88,0,1.75,0,1.75,0,0,7.89,7.89,0.88,1.75,5.26,0,0,0,8.77,6.14,0,2.63,0,0,0,0,0,10.53,4.39,5.26,0,0,0.88,0,0,1,524,79.03,68.99,30.22,20.23,26.2,20.99,83.78,65.46,52.67,9.35,6.11,0,0,5.15,0.57,0,3.24,17.37,8.59,2.29,14.12,8.21,2.48,7.06,1.53,12.98,4.77,7.06,3.24,0.38,1.72,1.15,14.5,0.76,13.36,0.95,4.01,0.38,4.01,0,6.3,0,0.76,0.38,0.38,0,0,0,0,0,0,0,13.36,5.53,0.38,0.57,0,2.29,0.38,7.63,0,0,0.38,0.19,0,0,0,0,6.49,0,0,5.92,0.57,0,0.19,0,0,0,0,0,0,0,0,0.19,0.19,1.15,1.72,0.57,0,0,0.57,0,4.2,4.58,0.19,0.57,3.63,0.19,0,0,4.77,1.91,2.67,3.05,0,0,0,0,0,10.69,4.2,2.67,0,0,0.19,3.63,0,1,2543,88.06,77.13,21.87,35.26,22.11,26.74,79.16,52.22,41.09,6.45,4.56,0.2,0.16,3.46,0.28,0.31,1.89,13.09,6.37,6.96,13.06,6.17,1.93,5.11,0.79,10.97,4.25,5.31,3.62,0.9,2.01,0.75,11.95,0.75,11.13,3.07,2.12,0.83,2.56,0.2,3.3,0,1.61,1.34,0.28,0.08,0.04,0.04,0,0,0.04,0,12.94,5.39,0.71,0.51,0.08,0.9,1.89,7.27,0,0.08,0.16,0.2,0.67,0,0,0.67,10.18,0.12,0.24,9.4,0.47,0.04,0.08,0,0,0,0,0,0,0,0,0.59,0.04,0.63,0.51,0.59,0,0.2,0.16,0.63,3.5,4.88,0.12,0.67,3.78,0.31,0,0,3.93,1.65,2.32,2.6,0.04,0.04,0,0,0,18.8,5.07,4.72,0.04,0,0.43,8.53,0,small,yes
37,BIOL,1108,lower,L,2013,Spring,Miller,NA,No,NA,No,NA,0,0.303030303,0,0.590909091,0.106060606,Peer/GLA evaluation,Yes,37-Grading.txt,Yes,37-Attend.txt,NA,informative,5,confident,2,NA,NA,NA,NA,Miller,ACADEMIC PROFESSIONAL,non-tenure,NA,NA,20,-0.001904762,0.328809524,0.08,0.193333333,1,111,91.8,91.56,25.05,47.58,22.2,15.32,91.89,67.57,54.05,8.11,8.11,0,0,4.5,0,2.7,0,19.82,9.01,1.8,18.92,7.21,3.6,5.41,1.8,15.32,2.7,6.31,2.7,0,2.7,0,11.71,3.6,8.11,0.9,2.7,2.7,1.8,1.8,0.9,0,3.6,2.7,0.9,0.9,0.9,0,0,0,0,0,14.41,5.41,0,0,1.8,0,2.7,9.01,0,0,0,0,0,0,0,0,14.41,0,0,12.61,1.8,0,0,0,0,0,0,0,0,0,0,0,0,0.9,0,1.8,0,1.8,0,0,8.11,7.21,0.9,1.8,4.5,0,0,0,9.01,6.31,0,2.7,0,0,0,0,0,11.71,4.5,5.41,0,0,0.9,0.9,0,1,524,79.03,68.99,30.22,20.23,27.58,20.99,83.78,65.46,52.67,9.35,6.11,0,0,5.15,0.57,0,3.24,17.37,8.59,2.29,14.12,8.21,2.48,7.06,1.53,12.98,4.77,7.06,3.24,0.38,1.72,1.15,14.5,0.76,13.36,0.95,4.01,0.38,4.01,0,6.3,0,0.76,0.38,0.38,0,0,0,0,0,0,0,13.36,5.53,0.38,0.57,0,2.29,0.38,7.63,0,0,0.38,0.19,0,0,0,0,6.49,0,0,5.92,0.57,0,0.19,0,0,0,0,0,0,0,0,0.19,0.19,1.15,1.72,0.57,0,0,0.57,0,4.2,4.58,0.19,0.57,3.63,0.19,0,0,4.77,1.91,2.67,3.05,0,0,0,0,0,10.5,4.01,2.67,0,0,0.19,3.63,0,1,2684,87.86,76.06,21.97,36.15,22.75,26.15,78.84,51.49,40.91,6.26,4.47,0.15,0.15,3.35,0.19,0.37,1.79,12.78,6.37,7.68,13,6.15,1.86,5.51,0.75,10.8,4.02,5.18,3.61,0.86,2.01,0.78,11.7,0.71,10.92,2.98,2.12,0.82,2.53,0.19,3.39,0,1.64,1.38,0.26,0.07,0.04,0.04,0,0,0.04,0,12.37,4.88,0.6,0.3,0.07,0.86,1.71,7.15,0,0.07,0.04,0.15,0.6,0,0,0.6,10.1,0.11,0.19,9.43,0.41,0.04,0.11,0.04,0,0,0,0,0,0,0,0.6,0.04,0.56,0.45,0.6,0,0.3,0.15,0.56,3.32,4.77,0.11,0.78,3.65,0.22,0,0,3.91,1.56,2.42,2.53,0.07,0.07,0,0,0,19.82,4.73,4.32,0.04,0,0.41,10.32,0,small,yes
92,BIOL,3110,upper,L,2020,Fall,O’Donnell,NA,No,NA,No,NA,0.5,0.125,0,0.375,0,NA,Yes,92-Grading.txt,Yes,92-Attend.txt,NA,informative,4,formal,2,confident,2,informative,2,OÕDonnell,LECTURER,non-tenure,NA,NA,24,-0.018421053,0.349122807,0.036111111,0.355555556,1,64,97.49,67.52,23.08,20.23,21.33,29.69,87.5,70.31,51.56,4.69,3.13,0,0,3.13,0,0,1.56,15.63,12.5,1.56,17.19,12.5,1.56,1.56,0,21.88,7.81,3.13,1.56,0,0,1.56,25,0,25,7.81,4.69,6.25,4.69,3.13,3.13,0,0,0,0,0,0,0,0,0,0,0,17.19,12.5,1.56,1.56,0,1.56,7.81,4.69,0,0,0,0,1.56,0,0,1.56,4.69,0,0,4.69,0,0,0,0,0,0,0,0,0,0,0,1.56,0,0,1.56,0,0,0,0,0,1.56,6.25,0,0,4.69,0,0,1.56,4.69,6.25,0,1.56,0,0,0,0,0,10.94,4.69,1.56,0,0,0,4.69,0,1,144,96.64,40.06,12.59,20.23,14.4,34.72,80.56,50.69,43.75,0.69,0,0,0,0,0,0,0.69,19.44,12.5,6.25,11.81,9.03,1.39,4.17,1.39,10.42,7.64,4.86,1.39,0,0.69,0.69,12.5,2.08,10.42,0,5.56,0,1.39,1.39,2.08,0,1.39,0.69,0.69,0.69,0,0,0,0,0,0,7.64,4.17,0.69,0,0,2.08,0.69,3.47,0,0,0,0,0,0,0,0,9.72,0,0,9.72,0,0,0.69,0.69,0.69,0,0,0,0,0,0,0.69,0,0,5.56,0,0,0,0,0,2.78,6.25,0,0.69,5.56,0,0,0,3.47,0.69,2.78,5.56,0,0,0,0,0,18.75,6.94,4.86,0,0,2.08,4.86,0,1,4418,87.26,59.32,21.32,39.33,18.8,31.98,83.95,57.45,45.41,5.75,2.65,0.27,0.25,1.18,0.23,0.48,3.1,13.38,7.94,3.42,13.56,8.71,2.01,5.98,0.59,14.12,6.16,3.73,3.69,0.81,2.04,0.88,13.15,0.41,12.74,3.53,2.33,1.52,2.54,0.59,3.28,0.02,2.04,1.67,0.36,0.16,0,0.11,0.05,0,0.05,0,12.58,6.41,0.93,0.23,0,0.54,2.58,5.95,0,0.11,0.11,0.23,1.09,0,0.02,1.06,12.38,0.02,0.14,12.18,0.11,0.02,1.13,0.84,0.25,0.02,0.09,0,0,0,0,0.91,0,0.45,0.41,0.11,0,0.45,0.11,0.68,2.97,5.75,0.25,0.43,4.32,0.77,0,0.11,3.64,2.17,3.17,2.67,0.27,0.27,0,0,0,16.98,5.86,3.42,0.2,0.02,0.57,6.9,0,small,yes
93,BIOL,3110,upper,L,2022,Fall,Paz,NA,No,NA,No,NA,0.545,0.136,0,0.316,0,NA,Yes,93-Grading.txt,Yes,93-Attend.txt,NA,formal,5,informal,5,formal,5,NA,NA,Paz,LECTURER,non-tenure,NA,NA,24,0.163461538,0.455769231,-0.01875,0.0125,1,100,94.04,69.2,28.56,4.56,16.67,21,91,66,56,4,4,0,0,4,0,0,0,18,13,2,17,13,2,6,1,20,1,6,0,0,0,0,13,1,12,3,2,3,4,2,4,0,2,0,2,1,0,0,0,0,0,0,11,5,0,0,0,1,4,6,0,0,0,0,1,0,0,1,12,0,0,12,0,0,2,2,1,0,0,0,0,0,0,4,0,0,2,0,0,0,0,0,1,8,0,1,7,1,0,0,3,5,4,3,0,0,0,0,0,13,7,5,0,0,0,1,0,1,150,78.84,85.4,7.03,29.19,21.43,29.33,82.67,60.67,47.33,6.67,6,0.67,0,5.33,0,0,0.67,12,7.33,0.67,14,10,2,8.67,0,16.67,5.33,5.33,2.67,0.67,1.33,0.67,10.67,0.67,9.33,0.67,4.67,1.33,1.33,0,2,0,2,1.33,0.67,0.67,0,0.67,0,0,0.67,0,10.67,4,0.67,0,0,0.67,2,6,0,0,0,0,0.67,0,0,0.67,10.67,0,0,10.67,0,0,0.67,0.67,0,0,0,0,0,0,0,1.33,0,0.67,1.33,0.67,0,1.33,0.67,0,0.67,4,0,0,4,0,0,0,4,4.67,4,3.33,0.67,0.67,0,0,0,17.33,5.33,1.33,0,0,0,10.67,0,1,1617,85.41,70.56,9.85,27.61,19.48,27.58,78.6,52.63,42.12,6.06,4.45,0.49,0.06,3.59,0,0.31,1.61,10.76,6.43,5.57,13.05,8.1,1.67,5.69,0.62,12.74,4.27,3.65,2.97,0.56,1.36,1.11,10.51,0.49,9.96,1.61,2.23,1.73,2.84,0.56,2.66,0.06,2.29,1.42,0.87,0.25,0,0.19,0.12,0,0.06,0,9.4,3.59,0.93,0.37,0,0.62,1.42,5.38,0,0,0,0,1.3,0.06,0,1.24,11.5,0,0.06,11.32,0.19,0,1.42,1.05,0.12,0.06,0.37,0,0,0.12,0,1.11,0,0.31,0.25,0.19,0,0.25,0.56,0.06,2.1,4.58,0.43,0.56,3.77,0.12,0,0,3.65,1.73,2.72,2.91,0.12,0.12,0,0,0,19.6,5.57,4.76,0,0,0.12,9.15,0,small,yes
120,CBIO,3410,upper,L,2016,Fall,Cai,Gaertig,No,NA,No,NA,0.3,0.2,0,0.5,0,NA,Yes,120-Grading.txt,Yes,120-Attend.txt,NA,formal,5,inspirational,4,formal,5,NA,NA,Cai,ASSOCIATE PROFESSOR,tenure,PROFESSOR,tenure,20,-0.041666667,0.141666667,0.428571429,0.845238095,1,57,98.49,40.06,4.51,74.93,14.25,22.81,85.96,56.14,49.12,1.75,0,0,0,0,0,0,1.75,24.56,19.3,7.02,10.53,7.02,3.51,3.51,1.75,10.53,3.51,3.51,3.51,0,3.51,0,15.79,3.51,12.28,1.75,1.75,1.75,1.75,3.51,3.51,0,3.51,3.51,0,1.75,1.75,0,0,0,0,0,5.26,0,0,0,0,0,0,5.26,0,0,0,0,0,0,0,0,12.28,0,0,12.28,0,0,0,0,0,0,0,0,0,0,0,0,0,1.75,0,0,0,0,0,0,3.51,3.51,0,0,3.51,0,0,0,1.75,0,3.51,1.75,0,0,0,0,0,40.35,7.02,8.77,0,0,0,24.56,0,1,36,95.3,40.06,22.12,20.23,18,27.78,88.89,69.44,52.78,8.33,2.78,0,2.78,0,0,0,5.56,16.67,2.78,0,22.22,8.33,0,2.78,0,22.22,8.33,5.56,2.78,2.78,0,0,19.44,2.78,16.67,0,2.78,5.56,2.78,0,8.33,0,0,0,0,0,0,0,0,0,0,0,8.33,2.78,0,0,0,0,0,5.56,0,0,0,0,0,0,0,0,5.56,0,0,5.56,0,0,2.78,2.78,0,0,0,0,0,0,0,11.11,0,0,0,0,0,0,0,0,8.33,5.56,0,0,5.56,0,0,0,5.56,5.56,0,2.78,0,0,0,0,0,5.56,5.56,0,0,0,0,0,0,1,1048,92.85,59.36,22.88,27.84,20.55,30.25,75.38,46.28,36.93,4.1,2.86,0.29,0.1,2.1,0.19,0.19,1.24,12.21,7.06,8.02,12.21,5.34,1.62,4.96,0.48,8.4,5.63,3.05,2.39,0.95,0.67,0.76,12.5,0.67,11.83,2.58,2.29,1.34,2.19,0.19,3.53,0,0.95,0.76,0.19,0.1,0.1,0,0,0,0,0,7.63,2.58,0.57,0.1,0,0,1.43,5.34,0,0.1,0.1,0.1,0,0,0,0,9.54,0.1,0,9.16,0.29,0,0.38,0.19,0,0,0,0,0,0.1,0,0.95,0,0.29,0.1,0.1,0,0.1,0,1.15,1.91,5.06,0.19,0.86,3.63,0.57,0,0,4.68,0.76,1.15,2.29,0.1,0.1,0,0,0,21.76,6.2,4.1,0,0,0,11.45,0,small,yes
121,CBIO,3410,upper,L,2018,Fall,Gaertig,Cai,No,NA,No,NA,0.3,0.2,0,0.5,0,NA,Yes,121-Grading.txt,Yes,121-Attend.txt,NA,formal,5,inspirational,4,formal,5,NA,NA,Gaertig,PROFESSOR,tenure,ASSOCIATE PROFESSOR,tenure,20,-0.041666667,0.141666667,0.428571429,0.845238095,1,57,98.49,40.06,4.51,74.93,14.25,22.81,85.96,56.14,49.12,1.75,0,0,0,0,0,0,1.75,24.56,19.3,7.02,10.53,7.02,3.51,3.51,1.75,10.53,3.51,3.51,3.51,0,3.51,0,15.79,3.51,12.28,1.75,1.75,1.75,1.75,3.51,3.51,0,3.51,3.51,0,1.75,1.75,0,0,0,0,0,5.26,0,0,0,0,0,0,5.26,0,0,0,0,0,0,0,0,12.28,0,0,12.28,0,0,0,0,0,0,0,0,0,0,0,0,0,1.75,0,0,0,0,0,0,3.51,3.51,0,0,3.51,0,0,0,1.75,0,3.51,1.75,0,0,0,0,0,40.35,7.02,8.77,0,0,0,24.56,0,1,36,95.3,40.06,22.12,20.23,18,27.78,88.89,69.44,52.78,8.33,2.78,0,2.78,0,0,0,5.56,16.67,2.78,0,22.22,8.33,0,2.78,0,22.22,8.33,5.56,2.78,2.78,0,0,19.44,2.78,16.67,0,2.78,5.56,2.78,0,8.33,0,0,0,0,0,0,0,0,0,0,0,8.33,2.78,0,0,0,0,0,5.56,0,0,0,0,0,0,0,0,5.56,0,0,5.56,0,0,2.78,2.78,0,0,0,0,0,0,0,11.11,0,0,0,0,0,0,0,0,8.33,5.56,0,0,5.56,0,0,0,5.56,5.56,0,2.78,0,0,0,0,0,5.56,5.56,0,0,0,0,0,0,1,973,93.86,59.63,24.9,29.97,20.27,28.57,77.08,44.19,35.46,3.7,2.57,0.21,0.1,1.95,0.21,0.1,1.13,12.02,7.4,12.85,11.72,5.04,1.64,4.52,0.41,8.12,4.83,2.98,2.06,1.03,0.62,0.41,11.41,0.51,10.89,2.26,1.44,1.23,2.16,0.21,3.29,0,0.72,0.72,0,0.1,0.1,0,0,0,0,0,7.4,2.57,0.62,0.1,0,0,1.44,5.14,0,0.1,0.1,0.1,0,0,0,0,8.74,0,0.1,8.53,0.1,0,0.41,0.31,0,0,0,0,0,0,0,0.92,0,0.31,0,0.1,0,0.1,0,1.85,2.16,5.76,0.21,0.92,4.11,0.72,0,0,5.04,0.72,1.03,2.16,0,0,0,0,0,22.82,5.34,3.49,0,0,0,13.98,0,small,yes
152,ECOL,3505,upper,L,2021,Fall,Farrell,NA,Yes,152-LO.txt,No,NA,0,0.61,0.073,0.317,0,NA,Yes,152-Grading.txt,Yes,152-Attend.txt,Lecture and Lab,informative,5,NA,NA,formal,5,informative,5,Farrell,ACADEMIC PROFESSIONAL,non-tenure,NA,NA,24,-0.0875,0.69375,-0.15,0.1625,1,55,96.43,86.82,25.81,1,55,21.82,90.91,67.27,54.55,10.91,7.27,0,0,7.27,0,0,3.64,14.55,12.73,1.82,20,5.45,3.64,5.45,0,14.55,1.82,1.82,0,0,0,0,12.73,0,12.73,3.64,1.82,1.82,5.45,0,5.45,0,3.64,0,3.64,0,0,0,0,0,0,0,20,12.73,0,0,5.45,0,5.45,7.27,0,0,0,0,0,0,0,0,10.91,0,0,10.91,0,0,0,0,0,0,0,0,0,0,0,1.82,0,0,0,0,0,0,0,0,3.64,5.45,1.82,1.82,1.82,0,0,0,3.64,3.64,1.82,0,0,0,0,0,0,14.55,1.82,7.27,0,0,1.82,3.64,0,1,97,76.07,83.91,84.49,34.77,19.4,32.99,83.51,62.89,50.52,8.25,7.22,0,0,7.22,0,0,1.03,15.46,7.22,4.12,13.4,6.19,5.15,7.22,1.03,10.31,5.15,11.34,1.03,0,1.03,0,16.49,0,16.49,3.09,2.06,0,6.19,2.06,6.19,0,1.03,1.03,0,0,0,0,0,0,0,0,13.4,5.15,1.03,1.03,0,1.03,1.03,8.25,0,0,0,0,0,0,0,0,3.09,0,0,3.09,0,0,0,0,0,0,0,0,0,0,0,1.03,0,1.03,4.12,1.03,0,0,0,0,4.12,5.15,0,0,4.12,0,0,0,10.31,1.03,2.06,4.12,0,0,0,0,0,14.43,5.15,3.09,0,0,0,6.19,0,1,2138,85.31,73.77,21.88,40.05,20.76,30.59,75.87,48.41,37.7,5.71,4.26,0.09,0.28,3.79,0,0.09,1.45,10.01,5.61,5.14,11.97,6.17,1.68,5.89,0.84,10.76,4.4,3.09,3.88,1.31,1.64,1.03,11.97,0.61,11.32,2.48,1.73,1.31,3.13,0.37,3.93,0.05,2.76,2.06,0.7,0.28,0.05,0.19,0.14,0,0.05,0,13.1,6.08,1.4,0.65,0.23,1.26,1.73,6.69,0,0.09,0.05,0,0.89,0.09,0,0.8,9.4,0.19,0.14,8.93,0.14,0.05,1.31,1.22,0.65,0.09,0.19,0,0,0.05,0,0.7,0.05,0.51,0.89,0.28,0,0.33,0.23,0.42,2.76,4.77,0.47,0.84,3.46,0.23,0,0.05,4.35,1.22,2.95,2.15,0.09,0.09,0,0,0,19.6,5.94,3.98,0,0.05,0.19,9.45,0,small,yes
153,ECOL,3510,upper,L,2018,Summer,Connelly,NA,Yes,153-LO.txt,No,NA,0.15,0,0.25,0.6,0,NA,Yes,153-Grading.txt,No,NA,NA,objective,5,NA,NA,NA,NA,NA,NA,Connelly,LECTURER,non-tenure,NA,NA,23,NA,NA,0.02,0.54,1,75,87.58,70.96,13.33,20.23,18.75,34.67,85.33,61.33,44,2.67,2.67,0,0,2.67,0,0,0,12,8,0,12,10.67,0,8,0,18.67,9.33,2.67,1.33,0,1.33,0,8,1.33,6.67,4,0,0,2.67,0,0,0,0,0,0,0,0,0,0,0,0,0,12,9.33,0,0,0,0,8,2.67,0,0,0,0,0,0,0,0,13.33,0,0,13.33,0,0,0,0,0,0,0,0,0,0,0,0,0,0,0,0,0,0,0,0,4,5.33,0,1.33,1.33,2.67,0,0,5.33,8,0,6.67,0,0,0,0,0,14.67,5.33,9.33,0,0,0,0,0,NA,NA,NA,NA,NA,NA,NA,NA,NA,NA,NA,NA,NA,NA,NA,NA,NA,NA,NA,NA,NA,NA,NA,NA,NA,NA,NA,NA,NA,NA,NA,NA,NA,NA,NA,NA,NA,NA,NA,NA,NA,NA,NA,NA,NA,NA,NA,NA,NA,NA,NA,NA,NA,NA,NA,NA,NA,NA,NA,NA,NA,NA,NA,NA,NA,NA,NA,NA,NA,NA,NA,NA,NA,NA,NA,NA,NA,NA,NA,NA,NA,NA,NA,NA,NA,NA,NA,NA,NA,NA,NA,NA,NA,NA,NA,NA,NA,NA,NA,NA,NA,NA,NA,NA,NA,NA,NA,NA,NA,NA,NA,NA,NA,NA,NA,NA,NA,NA,NA,1,806,89.69,64.96,27.88,30.35,21.78,38.34,75.93,53.6,40.82,4.09,2.48,0,1.12,0.99,0,0.25,1.61,9.31,5.96,1.49,14.27,6.33,1.24,8.19,0.25,11.04,7.44,3.23,3.6,1.36,1.61,0.74,11.29,0.62,10.67,5.09,1.61,0.25,1.49,0,1.74,0,1.49,1.12,0.37,0.25,0.25,0,0,0,0,0,10.05,5.71,0.62,0.12,0.12,0.87,2.36,4.09,0,0,0,0,0.37,0.12,0,0.25,9.8,0,0,9.31,0.5,0,0,0,0,0,0,0,0,0,0,0.74,0,0.12,0,0.25,0,0.12,0.12,1.24,2.85,7.07,0.87,0.74,4.71,0.74,0,0.25,2.85,2.48,1.24,3.72,0,0,0,0,0,17.62,4.84,7.94,0,0,0.12,4.71,0,small,yes
155,ECOL,3510,upper,L,2009,Fall,Lieberman,NA,Yes,155-LO.txt,No,NA,0.35,0,0.15,0.5,0,NA,No,NA,No,NA,NA,NA,NA,NA,NA,NA,NA,NA,NA,Lieberman,RESEARCHER,non-tenure,NA,NA,25,NA,NA,NA,NA,NA,NA,NA,NA,NA,NA,NA,NA,NA,NA,NA,NA,NA,NA,NA,NA,NA,NA,NA,NA,NA,NA,NA,NA,NA,NA,NA,NA,NA,NA,NA,NA,NA,NA,NA,NA,NA,NA,NA,NA,NA,NA,NA,NA,NA,NA,NA,NA,NA,NA,NA,NA,NA,NA,NA,NA,NA,NA,NA,NA,NA,NA,NA,NA,NA,NA,NA,NA,NA,NA,NA,NA,NA,NA,NA,NA,NA,NA,NA,NA,NA,NA,NA,NA,NA,NA,NA,NA,NA,NA,NA,NA,NA,NA,NA,NA,NA,NA,NA,NA,NA,NA,NA,NA,NA,NA,NA,NA,NA,NA,NA,NA,NA,NA,NA,NA,NA,NA,NA,NA,NA,NA,NA,NA,NA,NA,NA,NA,NA,NA,NA,NA,NA,NA,NA,NA,NA,NA,NA,NA,NA,NA,NA,NA,NA,NA,NA,NA,NA,NA,NA,NA,NA,NA,NA,NA,NA,NA,NA,NA,NA,NA,NA,NA,NA,NA,NA,NA,NA,NA,NA,NA,NA,NA,NA,NA,NA,NA,NA,NA,NA,NA,NA,NA,NA,NA,NA,NA,NA,NA,NA,NA,NA,NA,NA,NA,NA,NA,NA,NA,NA,NA,NA,NA,NA,NA,NA,NA,NA,NA,NA,NA,NA,NA,NA,NA,NA,NA,NA,NA,NA,NA,NA,NA,NA,NA,NA,NA,NA,NA,NA,NA,NA,NA,NA,NA,NA,NA,1,235,95.89,50.19,20.69,25.74,11.75,43.4,73.19,42.13,29.36,1.28,0.85,0,0,0,0,0.85,0.43,7.23,5.96,6.38,11.91,0.85,0.43,8.94,0,3.83,8.09,1.28,5.11,0.85,3.83,1.28,9.79,0.43,9.36,3.83,1.28,0.43,0.85,0,0.85,0,2.13,1.28,0.85,0.43,0,0.43,0,0,0.43,0,8.09,5.11,0,0,0,1.28,2.13,2.55,0,0,0,0,0,0,0,0,15.32,0,0,15.32,0,0,0.43,0,0,0,0,0,0,0,0,0.43,0,0.43,0,0.43,0,0,0,1.7,2.55,6.81,0,0.43,6.38,0.43,0,0,2.55,1.28,0.43,0,0.43,0.43,0,0,0,31.91,12.77,8.94,0,0,0,10.21,0,small,yes
201,WILD,4040,upper,L,2010,Spring,Maerz,Buhlmann,Yes,201-LO.txt,No,NA,0.2,0.09,0.22,0,0.6,Lab,No,NA,No,NA,NA,NA,NA,NA,NA,NA,NA,NA,NA,Maerz,ASSISTANT PROFESSOR,tenure,RESEARCHER,non-tenure,24,NA,NA,NA,NA,NA,NA,NA,NA,NA,NA,NA,NA,NA,NA,NA,NA,NA,NA,NA,NA,NA,NA,NA,NA,NA,NA,NA,NA,NA,NA,NA,NA,NA,NA,NA,NA,NA,NA,NA,NA,NA,NA,NA,NA,NA,NA,NA,NA,NA,NA,NA,NA,NA,NA,NA,NA,NA,NA,NA,NA,NA,NA,NA,NA,NA,NA,NA,NA,NA,NA,NA,NA,NA,NA,NA,NA,NA,NA,NA,NA,NA,NA,NA,NA,NA,NA,NA,NA,NA,NA,NA,NA,NA,NA,NA,NA,NA,NA,NA,NA,NA,NA,NA,NA,NA,NA,NA,NA,NA,NA,NA,NA,NA,NA,NA,NA,NA,NA,NA,NA,NA,NA,NA,NA,NA,NA,NA,NA,NA,NA,NA,NA,NA,NA,NA,NA,NA,NA,NA,NA,NA,NA,NA,NA,NA,NA,NA,NA,NA,NA,NA,NA,NA,NA,NA,NA,NA,NA,NA,NA,NA,NA,NA,NA,NA,NA,NA,NA,NA,NA,NA,NA,NA,NA,NA,NA,NA,NA,NA,NA,NA,NA,NA,NA,NA,NA,NA,NA,NA,NA,NA,NA,NA,NA,NA,NA,NA,NA,NA,NA,NA,NA,NA,NA,NA,NA,NA,NA,NA,NA,NA,NA,NA,NA,NA,NA,NA,NA,NA,NA,NA,NA,NA,NA,NA,NA,NA,NA,NA,NA,NA,NA,NA,NA,NA,NA,NA,NA,NA,NA,NA,NA,1,3440,92.69,74.94,15.13,40.22,21.5,30.23,76.69,53.98,43.28,5.26,3.46,0,0.49,2.15,0.06,0.61,1.8,13.34,7.65,3.9,14.51,5.55,1.16,7.09,0.47,10.58,5.12,4.24,3.37,1.22,1.37,0.78,10.78,0.67,10.06,2.27,1.69,0.99,2.73,0.35,3.34,0.03,1.89,1.6,0.23,0.15,0,0.09,0,0.03,0.06,0,10.96,3.43,0.73,0.32,0.12,0.35,0.99,7.3,0.09,0.06,0.03,0.06,0.52,0.09,0.06,0.38,8.23,0.15,0.03,7.38,0.67,0.03,0.35,0.03,0,0,0,0,0,0.03,0,0.78,0.06,0.81,0.09,0.78,0,0.44,0.06,0.32,2.79,4.74,0.17,0.55,3.84,0.17,0.03,0,3.49,1.37,2.59,2.21,0.09,0.06,0,0.03,0,17.56,5.44,4.91,0,0.09,0.17,6.95,0,small,yes
202,WILD,4040,upper,L,2018,Spring,Maerz,Clause,Yes,202-LO.txt,No,NA,0.2,0.09,0.22,NA,0.6,Lab,No,NA,No,NA,NA,NA,NA,NA,NA,NA,NA,NA,NA,Maerz,PROFESSOR,tenure,GRADUATE TEACHING ASSISTANT,non-tenure,24,NA,NA,NA,NA,NA,NA,NA,NA,NA,NA,NA,NA,NA,NA,NA,NA,NA,NA,NA,NA,NA,NA,NA,NA,NA,NA,NA,NA,NA,NA,NA,NA,NA,NA,NA,NA,NA,NA,NA,NA,NA,NA,NA,NA,NA,NA,NA,NA,NA,NA,NA,NA,NA,NA,NA,NA,NA,NA,NA,NA,NA,NA,NA,NA,NA,NA,NA,NA,NA,NA,NA,NA,NA,NA,NA,NA,NA,NA,NA,NA,NA,NA,NA,NA,NA,NA,NA,NA,NA,NA,NA,NA,NA,NA,NA,NA,NA,NA,NA,NA,NA,NA,NA,NA,NA,NA,NA,NA,NA,NA,NA,NA,NA,NA,NA,NA,NA,NA,NA,NA,NA,NA,NA,NA,NA,NA,NA,NA,NA,NA,NA,NA,NA,NA,NA,NA,NA,NA,NA,NA,NA,NA,NA,NA,NA,NA,NA,NA,NA,NA,NA,NA,NA,NA,NA,NA,NA,NA,NA,NA,NA,NA,NA,NA,NA,NA,NA,NA,NA,NA,NA,NA,NA,NA,NA,NA,NA,NA,NA,NA,NA,NA,NA,NA,NA,NA,NA,NA,NA,NA,NA,NA,NA,NA,NA,NA,NA,NA,NA,NA,NA,NA,NA,NA,NA,NA,NA,NA,NA,NA,NA,NA,NA,NA,NA,NA,NA,NA,NA,NA,NA,NA,NA,NA,NA,NA,NA,NA,NA,NA,NA,NA,NA,NA,NA,NA,NA,NA,NA,NA,NA,NA,1,4806,91.51,72.49,18.35,44.55,23.11,33.69,77.47,50.33,39.93,5.14,3.35,0.25,0.65,1.96,0.04,0.37,1.79,11.82,7.05,6.8,13.57,4.37,1.71,7.41,0.44,8.84,5.18,3.6,4.16,1.39,1.94,0.85,10.49,0.46,9.93,3,1.39,0.73,2.29,0.31,3.18,0.04,1.94,1.77,0.15,0.15,0.08,0.04,0,0.02,0.02,0,11.17,3.87,0.67,0.25,0.06,0.31,1.48,6.91,0.04,0.02,0.04,0.12,0.48,0.1,0.04,0.33,9.78,0.12,0.02,9.34,0.31,0.04,0.37,0.06,0,0,0,0,0.04,0.06,0,0.65,0.04,0.58,0.17,0.46,0,0.48,0.06,0.87,2.7,4.87,0.35,0.6,3.81,0.12,0.04,0,3.08,1.12,2.37,1.6,0.04,0.04,0,0,0,16.33,4.97,4.7,0.02,0.04,0.15,6.45,0,small,yes
249,ECOL,4150,upper,L,2011,Spring,Park,Ezenwa,Yes,249-LO.txt,No,NA,0.6,0,0.2,0.3,0,NA,Yes,249-Grading.txt,Yes,249-Attend.txt,NA,NA,NA,NA,NA,neutral,5,NA,NA,Park,ASSISTANT PROFESSOR,tenure,ASSISTANT PROFESSOR,tenure,20,0.1,0.494230769,0.5,0.625,1,14,7.34,79.51,72.58,20.23,14,7.14,100,71.43,64.29,21.43,14.29,0,0,14.29,0,0,7.14,7.14,0,0,14.29,14.29,0,7.14,7.14,21.43,0,0,7.14,0,7.14,0,21.43,0,21.43,0,7.14,0,7.14,0,14.29,0,0,0,0,0,0,0,0,0,0,0,21.43,0,0,0,0,0,0,14.29,0,0,0,0,0,0,0,0,14.29,0,0,14.29,0,0,0,0,0,0,0,0,0,0,0,0,0,0,0,0,0,0,0,0,7.14,7.14,0,0,7.14,0,0,0,0,0,0,7.14,0,0,0,0,0,7.14,7.14,0,0,0,0,0,0,1,63,91.54,67.92,5.94,20.23,21,34.92,85.71,50.79,41.27,1.59,1.59,0,0,0,0,0,0,9.52,6.35,4.76,14.29,7.94,1.59,7.94,0,11.11,6.35,4.76,1.59,1.59,0,0,7.94,0,6.35,0,1.59,1.59,1.59,0,1.59,0,0,0,0,0,0,0,0,0,0,0,9.52,1.59,0,0,0,0,1.59,6.35,0,0,0,0,0,0,0,0,17.46,0,0,17.46,0,0,0,0,0,0,0,0,0,0,0,1.59,0,0,3.17,0,0,0,0,0,0,3.17,0,0,3.17,0,0,0,6.35,0,1.59,4.76,0,0,0,0,0,9.52,4.76,3.17,0,0,0,1.59,0,1,2088,95.2,47.73,10.02,11.45,9.45,33.91,63.75,31.85,25.38,1.05,0.67,0.14,0.05,0.19,0,0.24,0.38,6.56,4.93,12.07,10.15,2.2,0.77,5.46,0.19,3.78,2.92,2.16,1.63,0.29,0.72,0.77,5.75,0.24,5.46,1.87,1.39,0.29,0.77,0.05,1.25,0,2.11,0.62,1.48,0.43,0.24,0.19,0,0,0.19,0,4.65,1.72,0.24,0.05,0.05,0.1,1.01,2.63,0,0,0.05,0.62,0.77,0.05,0,0.72,6.75,0.14,0.19,6.42,0.14,0.05,4.84,4.55,3.98,0,0,0,0.19,0.05,0.1,0.29,0,0.19,0.1,0.19,0,0.05,0.19,0.72,1.01,5.56,0.1,0.62,4.55,0.34,0,0,2.92,0.48,0.91,1.34,0.86,0.86,0.14,0,0,33.43,13.55,6.94,0.1,0,0.14,12.69,0,small,yes
265,ANTH,4210,upper,L,2020,Fall,Birch,Veres,Yes,265-LO.txt,No,NA,0.46,0.23,0,0.31,0,NA,Yes,265-Grading.txt,No,NA,NA,confident,5,informative,4,NA,NA,NA,NA,Birch,ASSOCIATE PROFESSOR,tenure,GRADUATE TEACHING ASSISTANT,non-tenure,20,NA,NA,0.068333333,0.5075,1,99,54.26,7.11,90.21,90.87,19.8,21.21,94.95,67.68,56.57,9.09,6.06,2.02,0,1.01,0,3.03,3.03,14.14,8.08,1.01,12.12,7.07,5.05,12.12,2.02,12.12,5.05,3.03,6.06,0,4.04,2.02,19.19,2.02,17.17,1.01,2.02,2.02,9.09,0,10.1,0,5.05,5.05,0,0,0,0,0,0,0,0,9.09,4.04,0,0,0,0,0,5.05,0,0,0,0,1.01,0,0,1.01,13.13,0,0,13.13,0,0,0,0,0,0,0,0,0,0,0,1.01,0,1.01,0,1.01,0,0,0,0,7.07,6.06,0,0,5.05,0,0,1.01,9.09,1.01,5.05,2.02,0,0,0,0,0,11.11,5.05,5.05,0,0,0,1.01,0,NA,NA,NA,NA,NA,NA,NA,NA,NA,NA,NA,NA,NA,NA,NA,NA,NA,NA,NA,NA,NA,NA,NA,NA,NA,NA,NA,NA,NA,NA,NA,NA,NA,NA,NA,NA,NA,NA,NA,NA,NA,NA,NA,NA,NA,NA,NA,NA,NA,NA,NA,NA,NA,NA,NA,NA,NA,NA,NA,NA,NA,NA,NA,NA,NA,NA,NA,NA,NA,NA,NA,NA,NA,NA,NA,NA,NA,NA,NA,NA,NA,NA,NA,NA,NA,NA,NA,NA,NA,NA,NA,NA,NA,NA,NA,NA,NA,NA,NA,NA,NA,NA,NA,NA,NA,NA,NA,NA,NA,NA,NA,NA,NA,NA,NA,NA,NA,NA,NA,1,1559,90.46,53.85,28.23,39.9,29.42,28.16,81.98,44,34.12,2.95,1.86,0.26,0.19,1.03,0,0.38,1.09,9.69,5.64,13.98,10.71,5.26,1.35,5.9,0.19,8.85,5.58,4.55,2.25,0.58,1.03,0.64,8.79,0.51,8.15,2.25,1.09,0.71,1.73,0.13,2.57,0,1.67,1.48,0.13,0.06,0,0,0,0,0,0,8.66,4.36,0.51,0.19,0.13,0.32,1.99,4.11,0.06,0.06,0,0.06,0.71,0,0,0.71,10.97,0.19,0,10.33,0.32,0.13,1.09,0.19,0.06,0,0,0,0.13,0.19,0,0.58,0,0.13,0.19,0.45,0,0.19,0,0.51,1.73,4.36,0.13,0.51,3.85,0.06,0,0.06,6.22,1.35,2.37,1.73,0,0,0,0,0,19.24,3.72,3.91,0.13,0,0.06,11.42,0,small,yes
267,GENE,4210,upper,L,2018,Fall,Arnold,NA,No,NA,No,NA,0.15,0,0,0.35,0.5,Lab Reports,Yes,267-Grading.txt,Yes,267-Attend.txt,NA,formal,5,NA,NA,NA,NA,NA,NA,Arnold,PROFESSOR,tenure,NA,NA,25,-0.1,0.4,-0.002430556,0.478472222,1,87,87.86,7.18,93.42,94.86,21.75,26.44,93.1,63.22,54.02,3.45,2.3,1.15,0,1.15,0,0,1.15,10.34,9.2,0,17.24,8.05,4.6,10.34,1.15,10.34,4.6,2.3,4.6,0,3.45,1.15,14.94,1.15,13.79,0,1.15,1.15,8.05,0,9.2,0,5.75,5.75,0,0,0,0,0,0,0,0,4.6,2.3,0,0,0,0,0,2.3,0,0,0,0,1.15,0,0,1.15,11.49,0,0,11.49,0,0,0,0,0,0,0,0,0,0,0,2.3,0,2.3,1.15,1.15,0,0,0,0,4.6,4.6,0,0,4.6,0,0,0,12.64,1.15,3.45,2.3,0,0,0,0,0,9.2,3.45,5.75,0,0,0,0,0,1,26,83.25,98.04,1,20.23,13,23.08,88.46,65.38,61.54,15.38,7.69,0,0,0,7.69,0,7.69,15.38,7.69,0,19.23,11.54,0,3.85,0,15.38,0,3.85,0,0,0,0,7.69,3.85,3.85,0,3.85,0,0,0,0,0,0,0,0,0,0,0,0,0,0,0,15.38,0,0,0,0,0,0,15.38,0,0,3.85,3.85,0,0,0,0,15.38,0,0,15.38,0,0,0,0,0,0,0,0,0,0,0,0,0,0,0,0,0,0,0,0,0,0,0,0,0,0,0,0,11.54,0,23.08,3.85,0,0,0,0,0,11.54,7.69,0,0,0,0,3.85,0,1,515,93.56,64.17,21.57,43.35,16.09,30.1,77.28,46.21,39.03,4.08,2.72,0.58,0.39,0.97,0.39,0.39,1.36,10.49,5.63,6.41,14.56,6.6,0.58,5.24,0.19,9.71,3.11,4.47,1.75,0.39,0.58,0.78,7.18,1.36,5.83,2.14,0.39,0.78,1.17,0,1.36,0.19,2.33,1.94,0.39,0,0,0,0,0,0,0,8.54,3.3,0,0.19,0,1.36,1.36,4.85,0,0,0.19,0.39,1.36,0,0,1.36,15.34,0,0.19,14.76,0.19,0.19,1.17,0.39,0.39,0,0,0,0,0,0,0.39,0,0.58,0.19,0,0,0,0.19,1.36,2.14,6.21,0.39,0.58,4.66,0.97,0,0,5.63,1.17,4.08,2.33,0,0,0,0,0,23.5,7.38,3.5,0,0,0.19,12.43,0,small,yes
286,ECOL,4310,upper,L,2020,Fall,Rosemond,Covich,Yes,286-LO.txt,Yes,286-DEI.txt,0.45,0.3,0,0.25,0,NA,Yes,286-Grading.txt,Yes,286-Attend.txt,NA,formal,5,informative,5,NA,NA,NA,NA,Rosemond,PROFESSOR,tenure,PROFESSOR,tenure,21,-0.1,0.4,0.125,0.494047619,1,61,91.61,16.05,99,20.23,30.5,19.67,98.36,67.21,54.1,1.64,1.64,0,0,1.64,0,0,0,13.11,9.84,4.92,19.67,11.48,0,13.11,1.64,18.03,3.28,9.84,0,0,0,0,16.39,0,14.75,4.92,0,0,3.28,0,8.2,0,3.28,1.64,1.64,0,0,0,0,0,0,0,11.48,8.2,1.64,1.64,1.64,0,4.92,3.28,0,0,0,0,1.64,0,0,1.64,6.56,0,0,6.56,0,0,0,0,0,0,0,0,0,0,0,0,0,1.64,0,0,0,0,0,0,3.28,4.92,0,1.64,3.28,0,0,0,19.67,3.28,0,6.56,0,0,0,0,0,13.11,3.28,6.56,0,0,0,3.28,0,1,20,26.1,99,28.56,20.23,10,30,90,60,45,15,15,0,5,10,0,0,0,5,0,0,10,10,0,10,0,20,5,0,5,5,0,0,10,0,10,5,0,0,5,0,5,0,0,0,0,0,0,0,0,0,0,0,35,10,5,5,0,0,5,25,0,0,0,0,5,0,0,5,0,0,0,0,0,0,0,0,0,0,0,0,0,0,0,5,0,0,0,0,0,0,0,0,15,5,0,0,5,0,0,0,0,0,5,5,0,0,0,0,0,10,10,0,0,0,0,0,0,1,4102,84.55,66.04,22.83,38.59,13.86,29.96,76.99,48.12,38.32,6.07,3.97,0.56,0.78,1.83,0.27,0.44,2.1,9.58,5.49,6.95,11.9,6.92,1.54,5.36,0.63,11.02,4.49,2.83,3.24,1.22,1.32,0.73,11.41,0.44,10.92,3.44,2.17,1.05,2.27,0.22,2.9,0.02,1.95,1.61,0.34,0.29,0.15,0.12,0.1,0,0,0,11.36,5.05,1.02,0.37,0.07,0.37,2.56,5.9,0.07,0.12,0.15,0.37,1.19,0.05,0.02,1.12,9.36,0.07,0.2,9.04,0.12,0.02,1.58,0.98,0.17,0.17,0.12,0,0,0.29,0,0.56,0.07,0.37,0.05,0.12,0,0.24,0.24,0.44,3.22,5.07,0.29,0.66,3.71,0.49,0,0.05,4.07,1.61,2.22,2.44,0.17,0.17,0,0,0,22.04,7.19,4.39,0.49,0.1,0.27,9.61,0,small,yes
313,MIBO,4600,upper,L,2014,Fall,Neidle,Karls,Yes,313-LO.txt,No,NA,0.5,0.1,0.05,0.35,0,NA,Yes,313-Grading.txt,Yes,313-Attend.txt,NA,informative,5,NA,NA,informative,5,NA,NA,Neidle,PROFESSOR,tenure,ASSOCIATE PROFESSOR,tenure,23,-0.090848214,0.444642857,-0.096875,0.11875,1,116,84,78.45,13.6,32.15,19.33,18.97,89.66,62.93,53.45,8.62,7.76,0,0,7.76,0,0,0.86,18.1,12.93,1.72,12.93,10.34,2.59,5.17,2.59,18.97,0,1.72,4.31,0,0,4.31,18.97,1.72,17.24,2.59,4.31,5.17,3.45,1.72,6.03,0,0.86,0.86,0,0,0,0,0,0,0,0,16.38,6.9,0,3.45,0,1.72,0.86,7.76,0,0,0,0,0,0,0,0,12.93,0,0,12.93,0,0,0,0,0,0,0,0,0,0,0,2.59,0,1.72,0.86,0,0,0,0,0,6.03,4.31,0,1.72,3.45,0,0,0,3.45,3.45,3.45,2.59,0,0,0,0,0,20.69,9.48,0.86,0,0,0,10.34,0,1,86,67.79,90.72,3.54,9.15,28.67,24.42,83.72,58.14,50,11.63,8.14,0,0,8.14,0,0,3.49,13.95,5.81,1.16,12.79,9.3,2.33,4.65,1.16,12.79,3.49,3.49,2.33,0,1.16,2.33,16.28,2.33,13.95,0,4.65,1.16,4.65,0,4.65,0,1.16,0,1.16,1.16,0,1.16,0,0,0,0,18.6,8.14,0,0,0,3.49,2.33,8.14,0,0,0,0,0,0,0,0,10.47,0,0,10.47,0,0,2.33,2.33,1.16,0,0,0,0,0,0,1.16,0,0,4.65,0,0,0,0,0,4.65,2.33,0,0,2.33,0,0,0,2.33,2.33,3.49,1.16,0,0,0,0,0,16.28,8.14,1.16,0,0,1.16,5.81,0,1,1222,89.86,72.53,12.21,36.61,23.96,25.78,79.87,50.74,42.55,5.4,3.85,0.08,0.16,2.86,0.16,0.57,1.55,12.52,7.86,5.56,13.18,8.51,1.31,4.83,0.74,12.6,3.03,2.78,3.6,1.06,1.31,1.31,12.68,0.74,11.95,2.54,2.21,1.8,2.54,0.98,3.11,0,1.47,1.31,0.16,0.25,0.16,0.08,0,0,0,0,11.62,4.5,0.82,0.41,0,0.65,1.64,6.55,0,0.08,0.08,0.08,0.33,0,0,0.33,12.44,0,0,11.78,0.65,0,0.33,0.25,0.08,0,0,0,0,0,0,0.74,0,0.33,0.41,0.41,0,0.49,0,0.82,2.86,4.58,0.33,0.57,3.44,0.49,0,0,3.93,1.64,2.95,3.03,0,0,0,0,0,23.16,5.73,5.81,0,0.41,0.33,10.88,0,small,yes
347,ECOL,3500,upper,L,2021,Spring,Farrell,NA,No,NA,No,NA,0,0.5,0.083,0.417,0,NA,Yes,347-Grading.txt,Yes,347-Attend.txt,NA,formal,3,disheartening,2,formal,5,informative,4,Farrell,ACADEMIC PROFESSIONAL,non-tenure,NA,NA,24,-0.108333333,0.475,-0.085714286,0.4,1,151,87.59,51.91,43.5,13.18,21.57,21.19,86.75,59.6,51.66,6.62,4.64,0,0,4.64,0,0,1.99,13.25,9.93,3.31,16.56,8.61,1.99,8.61,1.99,13.25,0,5.3,1.32,0,1.32,0,11.92,0.66,10.6,1.32,1.32,1.99,3.31,1.32,5.96,0,1.99,0.66,1.32,0,0,0,0,0,0,0,10.6,5.3,0,0,1.99,0,1.99,5.3,0,0,0,0,0,0,0,0,12.58,0,0.66,11.92,0.66,0,0,0,0,0,0,0,0,0,0,0.66,0,2.65,0.66,0,0,1.32,0,0,1.99,1.99,0.66,0.66,0.66,0,0,0,10.6,1.99,1.99,3.31,0,0,0,0,0,10.6,4.64,2.65,0,0,0.66,2.65,0,1,51,46.7,51.75,95.46,50.31,17,29.41,78.43,64.71,49.02,7.84,5.88,0,0,5.88,0,0,1.96,17.65,3.92,3.92,9.8,7.84,5.88,7.84,1.96,13.73,5.88,13.73,0,0,0,0,13.73,0,13.73,1.96,1.96,0,3.92,0,9.8,0,1.96,1.96,0,0,0,0,0,0,0,0,13.73,5.88,0,0,0,0,1.96,7.84,0,0,0,0,0,0,0,0,7.84,0,0,7.84,0,0,0,0,0,0,0,0,0,0,0,1.96,0,0,0,0,0,0,0,0,3.92,3.92,0,0,3.92,0,0,0,11.76,1.96,5.88,0,0,0,0,0,0,11.76,5.88,3.92,0,0,0,1.96,0,1,2544,83.61,79.88,22.7,36.52,21.93,31.25,76.18,49.61,39.54,6.05,4.64,0.08,0.24,4.17,0,0.12,1.42,10.06,5.58,4.21,12.54,6.56,1.49,6.84,0.83,10.61,4.56,2.59,3.62,1.38,1.45,0.9,11.2,0.55,10.61,2.04,1.65,1.3,3.22,0.43,4.09,0.04,2.32,1.73,0.59,0.24,0.04,0.16,0.12,0,0.04,0,13.88,5.66,1.3,0.63,0.2,0.86,1.81,7.82,0,0.2,0.04,0,1.14,0.08,0,1.06,9.55,0.24,0.08,9.16,0.12,0.04,1.1,0.71,0.16,0.12,0.16,0,0,0.04,0,0.9,0,0.51,0.75,0.16,0,0.31,0.2,0.39,3.38,4.4,0.39,0.67,3.18,0.2,0,0.04,5.23,0.94,2.67,2.36,0.04,0.04,0,0,0,17.18,5.27,3.81,0,0,0.16,7.94,0,small,yes
