Index,Department_Code,Course_Number,Division,Course_Number_Suffix,Year,Semester,Lead_Instructor,Lead_Rank,Other_Instructors,Other_Rank
190,ENTO,4000/6000,upper,,2020,Fall,Acebes,AFFILIATE NON-COMPENSATED,Joseph,ASSISTANT PROFESSOR
169,BCMB,3600,upper,H,2022,Spring,Adams,PROFESSOR,Kannan,PROFESSOR
256,BCMB,4200,upper,,2022,Spring,Adang,PROFESSOR,Pierce,PROFESSOR
297,ECOL,4500,upper,,2021,Spring,Anderson,ASSOCIATE PROFESSOR,Sasaki,ASSISTANT PROFESSOR
59,GENE,3000,upper,,2010,Fall,Anderson,,Promislow,
122,BCMB,3433,upper,,2010,Summer,Anderson,,NA,NA
45,BIOL,2107,lower,H,2021,Spring,Andrews,ASSOCIATE PROFESSOR,Nelms,ASSISTANT PROFESSOR
49,BIOL,2180,lower,H,2020,Spring,Andrews,ASSOCIATE PROFESSOR,NA,NA
180,BIOL,3720,upper,L,2018,Fall,Andrews,RESEARCHER AC,NA,NA
12,BIOL,1104,lower,,2017,Spring,Andrews,ASSOCIATE PROFESSOR,Auerbach,Postdoc
60,GENE,3000,upper,,2017,Fall,Andrews,ASSOCIATE PROFESSOR,NA,NA
71,BCMB,3100,upper,,2014,Spring,Anong,INSTRUCTOR,NA,NA
18,BIOL,1107,lower,,2021,Fall,Armstrong,PROFESSOR,NA,NA
96,GENE,3200,upper,,2018,Spring,Armstrong,PROFESSOR,Dyer,PROFESSOR
1,BIOL,1103,lower,,2011,Spring,Armstrong,,NA,NA
6,BIOL,1103,lower,L,2010,NA,Armstrong,,Miller,
267,GENE,4210,upper,L,2018,Fall,Arnold,PROFESSOR,NA,NA
268,GENE,4220,upper,L,2013,Fall,Arnold,,Bennetzen,
26,BIOL,1108,lower,,2021,Spring,Barb,RESEARCHER AC,NA,NA
221,BCMB,4110,upper,,2021,Fall,Barb,ASSOCIATE PROFESSOR,Orlando,PROFESSOR
304,BIOL,4500,upper,,2021,Fall,Bar-Peled,PROFESSOR,NA,NA
150,ECOL,3503,upper,H,2013,Spring,Barrett,,NA,NA
127,ECOL,3500,upper,,2011,Spring,Barrett,,NA,NA
2,BIOL,1103,lower,,2013,Fall,Barstow,,NA,NA
19,BIOL,1107,lower,,2010,Spring,Barstow,,DerVartanian,
7,BIOL,1103,lower,L,2009,NA,Barstow,,Miller,
167,ECOL,3580,upper,,2013,Fall,Beasley,,Atkins,
97,GENE,3200,upper,,2020,Fall,Bedell,ASSOCIATE PROFESSOR,NA,NA
103,GENE,3200,upper,,2019,Fall,Bedell,ASSOCIATE PROFESSOR,NA,NA
301,GENE,4500,upper,,2017,Spring,Bedell,ASSOCIATE PROFESSOR,NA,NA
98,GENE,3200,upper,,2010,Spring,Benetzen,,NA,NA
138,MIBO,3500,upper,,2014,Fall,Benoit,RESEARCHER AC,Walker,LECTURER
342,PSYC,5770,upper,,2013,Spring,Bernstein,,NA,NA
341,PSYC,5750,upper,,2010,Fall,Bernstein,,NA,NA
3,BIOL,1103,lower,,NA,Fall,Beyette,ACADEMIC PROFESSIONAL AC,NA,
43,BIOL,2103,lower,H,2021,Spring,Beyette,ACADEMIC PROFESSIONAL AC,NA,NA
123,MARS,3450,upper,,2022,Fall,Bik,ASSISTANT PROFESSOR,Saunders,NA
124,MARS,3450,upper,,2019,Fall,Binder,FORMER EMPLOYEE,NA,NA
50,BIOL,2108,lower,H,2017,Fall,Binder,FORMER EMPLOYEE,Hopkinson,ASSOCIATE PROFESSOR
265,ANTH,4210,upper,L,2020,Fall,Birch,ASSOCIATE PROFESSOR,Veres,GRADUATE TEACHING ASSISTANT
279,ECOL,4290,upper,,2018,Fall,Birch,ASSOCIATE PROFESSOR,Napora,GRADUATE TEACHING ASSISTANT
200,BCMB,4030,upper,L/H,2022,Spring,Blum,DEPT CHAIR/HEAD AC,NA,NA
224,PSYC,4120,upper,,2011,Spring,Bovier,,NA,NA
278,PBIO,4240,upper,,2011,Fall,Box,,NA,NA
261,PBIO,4200,upper,,2022,Fall,Brewer,ASSOCIATE PROFESSOR,NA,NA
70,PATH,3010,upper,,2021,Spring,Brewer,ASSOCIATE PROFESSOR,NA,NA
44,BIOL,2103,lower,H,NA,Fall,Brickman,,NA,
4,BIOL,1103,lower,,2021,Spring,Brickman,PROFESSOR,Lewis,ASSOCIATE PROFESSOR
320,MIBO,4650,upper,,2021,Fall,Brindley,ASSOCIATE PROFESSOR,Garcia,PROFESSOR
306,ECOL,4550,upper,,2018,Spring,Bringolf,ASSOC/ASST DEAN AC,Shelton,ASSOCIATE PROFESSOR
225,PSYC,4120,upper,,2021,Fall,Brown,ASSOCIATE PROFESSOR,NA,NA
252,PSYC,4150,upper,,2021,Spring,Buffington,LECTURER,NA,NA
343,PSYC,5850,upper,,2021,Fall,Buffington,LECTURER,NA,NA
166,MARS,3550,upper,,2021,Fall,Burd,PROFESSOR,NA,NA
39,ENTO,2010,lower,,2022,Spring,Burke,ASSOCIATE PROFESSOR,NA,NA
151,ECOL,3503,upper,H,2021,Fall,Byers,PROFESSOR,Injaian,LECTURER
184,ECOL,3880,upper,H,2021,Spring,Byers,PROFESSOR,Mohan,ASSOCIATE PROFESSOR
128,ECOL,3500,upper,,2012,Spring,Byers,,Covich,
309,ECOL,4590,upper,,2021,Fall,Cabrera,PROFESSOR,Malladi,ASSOCIATE PROFESSOR
310,ECOL,4590,upper,L,2021,Fall,Cabrera,PROFESSOR,Rema,RESEARCH ASSISTANT
120,CBIO,3410,upper,L,2016,Fall,Cai,ASSOCIATE PROFESSOR,Gaertig,PROFESSOR
109,CBIO,3300,upper,,2014,Spring,Cai,ASSOCIATE PROFESSOR,NA,NA
338,KINS,5690,upper,,2018,Spring,Call,ASSOCIATE PROFESSOR,NA,NA
323,KINS,4690,upper,,2017,Fall,Call,ASSOCIATE PROFESSOR,NA,NA
85,VPAT,3100,upper,H,2019,Spring,Carmichael,PROFESSOR,NA,NA
161,ECOL,3530,upper,,2009,Fall,Carroll,,Pringle,
168,ECOL,3580,upper,,2022,Spring,Castleberry,PROFESSOR,NA,NA
203,WILD,4050,upper,,2022,Fall,Castleberry,PROFESSOR,NA,NA
174,ENTO,3645,upper,,2022,Spring,Champagne,ASSOCIATE PROFESSOR,Batzer,PROFESSOR
186,BTEC,4000,upper,L,2022,Spring,Champagne,ASSOCIATE PROFESSOR,Hua,RESEARCHER AC
108,PBIO,3270,upper,,2021,Spring,Chang,PROFESSOR,Perez-Udell,LABORATORY ASSISTANT
244,PSYC,4140,upper,,2018,Fall,Clementz,PROFESSOR,Edge,GRADUATE TEACHING ASSISTANT
302,MARS,4500,upper,,2022,Fall,Cohen,ASSISTANT PROFESSOR,NA,NA
266,ANTH,4210,upper,,2010,Fall,Colaninno-Meeks,,NA,NA
215,CBIO,4100,upper,,2011,Fall,Colley,,NA,NA
129,ECOL,3500,upper,,2022,Spring,Connelly,LECTURER,Byers,ASSOC/ASST DEAN AC
162,ECOL,3530,upper,,2022,Fall,Connelly,LECTURER,Hall,ASSISTANT PROFESSOR
173,ECOL,3600,upper,,2021,Spring,Connelly,LECTURER,NA,NA
83,ECOL,3100,upper,,2018,Summer,Connelly,LECTURER,NA,NA
153,ECOL,3510,upper,L,2018,Summer,Connelly,LECTURER,NA,NA
207,WILD,4060,upper,,2010,Spring,Cooper,,NA,NA
130,ECOL,3500,upper,,2010,Spring,Covich,,Byers,
325,KINS,4690,upper,L,2022,Fall,Cribb,Graduate Researcher,NA,NA
254,ECOL,4160,upper,,2022,Summer,Cummins,Graduate Researcher,Tomczyk,Graduate Researcher
355,CBIO,4600,upper,,2016,Spring,Darley,EMERITUS,Farmer,PROFESSOR
48,BIOL,2107,lower,H,2019,Fall,Darvil,DIRECTOR DIV/DPT AD,Burke,DEPT CHAIR/HEAD AC
47,BIOL,2107,lower,H,2017,Fall,Darvil,DIRECTOR DIV/DPT AD,Burke,DEPT CHAIR/HEAD AC
46,BIOL,2107,lower,H,2012,Fall,Darvil,,Burke,
206,BIOL,4060,upper,,2022,Spring,Davis,ASSOCIATE PROFESSOR,NA,NA
277,ECOL,4240,upper,,2020,Fall,Davis,RESEARCHER AC,NA,NA
106,GENE,3210,upper,,2009,Fall,Dawe,,NA,NA
20,BIOL,1107,lower,,2021,Fall,Dees,LECTURER,NA,NA
257,CBIO,4200,upper,,2019,Fall,Docampo,PROFESSOR,NA,NA
27,BIOL,1108,lower,,2022,Spring,Dolan,PROFESSOR,NA,NA
72,BCMB,3100,upper,,2021,Fall,Dolan,PROFESSOR,Urbanowicz,ASSISTANT PROFESSOR
80,BCMB,3100,upper,,2021,Fall,Dolan,PROFESSOR,Urbanowicz,ASSISTANT PROFESSOR
41,HONS,2070,lower,H,2010,Fall,Dore,,NA,NA
172,CBIO,3600,upper,,2020,Fall,Dougan,ASSOCIATE PROFESSOR,NA,NA
220,MIBO,3500,upper,,2022,Spring,Downs,PROFESSOR,Walker ,LECTURER
188,ECOL,4000/6000,upper,,2022,Fall,Drake,PROFESSOR,Park,PROFESSOR
187,ECOL,4000/6000,upper,,2019,Fall,Drake,PROFESSOR,Park,PROFESSOR
140,MIBO,3500,upper,,2013,Spring,Dustman,,NA,NA
156,MIBO,3510,upper,L,2012,Spring,Dustman,,NA,NA
30,BIOL,1108,lower,,2016,Fall,Dye,PART TIME INSTRUCTOR     ,NA,NA
274,GENE,4230,upper,L,2013,Spring,Dyer,,Sweigart,
276,GENE,4230,upper,L,2011,Spring,Dyer,,Wares,
289,GENE,4310,upper,,2020,Fall,Eggenschwiler,ASSOCIATE PROFESSOR,NA,NA
91,BIOL,3110,upper,L,2011,Spring,Eisner,,NA,NA
235,PSYC,4130,upper,,2014,Spring,Eshchar,GRADUATE RESEARCHER,Stringham,GRADUATE RESEARCHER
352,PSYC,4140,upper,,2011,Fall,Faraco,,NA,NA
28,BIOL,1108,lower,,2022,Fall,Farmer,PROFESSOR,Trapnell,ASSOCIATE PROFESSOR
311,CBIO,4600,upper,,2022,Spring,Farmer,PROFESSOR,NA,NA
38,BIOL,1990,lower,,2021,Spring,Farmer,PROFESSOR,NA,NA
152,ECOL,3505,upper,L,2021,Fall,Farrell,ACADEMIC PROFESSIONAL AC,NA,NA
154,ECOL,3510,upper,L,2021,Summer,Farrell,ACADEMIC PROFESSIONAL AC,NA,NA
347,ECOL,3500,upper,L,2021,Spring,Farrell,ACADEMIC PROFESSIONAL AC,NA,NA
111,CBIO,3400,upper,,2012,Fall,Fechheimer,,Lechtreck,
209,ECOL,4070,upper,,2013,Spring,Fitt,,NA,NA
226,PSYC,4120,upper,,2014,Fall,Fletcher,GRADUATE RESEARCHER,NA,NA
131,ECOL,3500,upper,,2018,Fall,Forde,LECTURER,Ballantyne,ASSOCIATE PROFESSOR
300,FISH,4500,upper,,2022,Fall,Fox,RESEARCHER AC,Kleinhans,
281,ECOL,4300,upper,,2021,Spring,Fox,RESEARCHER AC,Hazelton,ASSISTANT PROFESSOR
299,FISH,4500,upper,,2018,Fall,Fox,RESEARCHER AC,NA,NA
205,ECOL,4050,upper,,2022,Fall,Freeman,DIRECTOR SUBDIV/UNIT AD,NA,NA
42,HONS,2080,lower,H,2013,Spring,Freeman-Lynde,,NA,NA
112,CBIO,3400,upper,,2018,Fall,Gaertig,PROFESSOR,Przybyla,TEMPORARY FACULTY RETIREE
121,CBIO,3410,upper,L,2018,Fall,Gaertig,PROFESSOR,Cai,ASSOCIATE PROFESSOR
262,BIOL,4200,upper,W,2021,Fall,Gallagher,LECTURER,NA,NA
285,BIOL,4300,upper,W,2021,Fall,Gallagher,LECTURER,NA,NA
181,BIOL,3720,upper,L,2021,Spring,Gannon,ACADEMIC PROFESSIONAL AC,NA,NA
318,MIBO,4650,upper,,2021,Fall,Garcia,PROFESSOR,Brindley,ASSOCIATE PROFESSOR
319,MIBO,4650,upper,,2014,Fall,Garcia,PROFESSOR,He,PROFESSOR
86,IDIS,3100,upper,,NA,NA,Garg,,NA,
258,GENE,4200,upper,,2020,Fall,Goll,ASSOCIATE PROFESSOR,Ivanova,ASSOCIATE PROFESSOR
157,MIBO,3510,upper,L,2022,Spring,Grainy,LECTURER,Ottesen,ASSOCIATE PROFESSOR
236,PSYC,4130,upper,,2014,Spring,Groves-Chapman,GRADUATE RESEARCHER,NA,NA
40,ENTO,2010,lower,,2022,Fall,Guillebeau,PROFESSOR,NA,NA
243,PSYC,4140,upper,,2018,Fall,Haas,ASSOCIATE PROFESSOR,NA,NA
316,MIBO,4610,upper,,2022,Fall,Habteselassie,PROFESSOR,NA,NA
227,PSYC,4120,upper,,2017,Spring,Hale,GRADUATE RESEARCHER,NA,NA
163,ECOL,3530,upper,,2021,Fall,Hall,ASSISTANT PROFESSOR,Schmidt,LECTURER
99,GENE,3200,upper,,2014,Spring,Hall,ASSOCIATE PROFESSOR,Armstrong,PROFESSOR
62,GENE,3000,upper,,2012,Summer,Hall,,NA,NA
245,PSYC,4140,upper,,2018,Spring,Hallowell,Graduate Researcher,NA,NA
234,BCMB ,4130,upper,,2022,Spring,Haltiwanger,PROFESSOR,NA,NA
253,PSYC,4150,upper,,2021,Spring,Hammond,PROFESSOR,NA,NA
228,PSYC,4120,upper,,2019,Spring,Hammond,PROFESSOR,NA,NA
61,GENE,3000,upper,,2011,Spring,Hamrick,,Arnold,
321,MIBO,4650,upper,,2010,Fall,He,,Garcia,
328,CBIO,4230,upper,,NA,NA,Hesse,,NA,
55,CBIO,3000,upper,,2010,Fall,Hesse,,Holliday,
132,ECOL,3500,upper,,2022,Spring,Holdo,ASSOCIATE PROFESSOR,Schmidt,LECTURER
344,PSYC,5850,upper,,2021,Fall,Holmes,PROFESSOR,NA,NA
237,PSYC,4130,upper,,2017,Fall,Holmes,PROFESSOR,Burton,GRADUATE RESEARCHER
315,MIBO,4600,upper,L,NA,Fall,Hoover,,Shimkets,
210,MIBO,4090,upper,,2022,Spring,Hoover,PROFESSOR,Walker,LECTURER
213,MIBO,4090,upper,,2021,Fall,Hoover,PROFESSOR,Walker,LECTURER
125,MARS,3450,upper,,2021,Spring,Hopkinson,ASSOCIATE PROFESSOR,NA,NA
238,PSYC,4130,upper,,2019,Spring,Howard,LECTURER,NA,NA
229,PSYC,4120,upper,,2018,Fall,Howard,LECTURER,NA,NA
100,GENE,3200,upper,,2022,Fall,Hunt,ASSOCIATE PROFESSOR,NA,NA
63,GENE,3000,upper,,2021,Spring,Hunt,ASSOCIATE PROFESSOR,NA,NA
133,ECOL,3500,upper,,2022,Fall,Injaian,LECTURER,Richards,Postdoc
305,ECOL,4540,upper,,2021,Fall,Injaian,LECTURER,NA,NA
101,GENE,3200,upper,,2012,Fall,Jenkins ,,Wrenn,
170,BCMB,3600,upper,H,2022,Spring,Kannan,PROFESSOR,Adams,PROFESSOR
322,MIBO,4650,upper,,NA,Fall,Karls,,Garcia,
141,MIBO,3500,upper,,2020,Fall,Karls,PROFESSOR,NA,NA
270,MIBO,4220,upper,,2019,Spring,Karls,PROFESSOR,Szymanski,PROFESSOR
273,MIBO,4220,upper,S,2016,Spring,Karls,PROFESSOR,Maurer,PROFESSOR
324,KINS,4690,upper,,2022,Fall,Khan,,NA,NA
134,ECOL,3500,upper,,2017,Fall,King,ASSOCIATE PROFESSOR,Keogh,LECTURER     
113,CBIO,3400,upper,,2016,Spring,Kipreos,PROFESSOR,Shen,PROFESSOR
117,CBIO,3400,upper,,2008,Spring,Kipreos,,Shen,
269,GENE,4220,upper,L,2010,Spring,Kissinger,,Arnold,
217,CBIO,4100,upper,,2016,Spring,Klonowski,ASSOCIATE PROFESSOR,NA,NA
216,CBIO,4100,upper,,2011,Spring,Klonowski,,NA,NA
142,MIBO,3500,upper,,2017,Fall,Krause,PROFESSOR,NA,NA
218,CBIO,4100,upper,,2022,Fall,Kurup,ASSISTANT PROFESSOR,NA,NA
105,GENE,3210,upper,,2019,Fall,Kushner,PROFESSOR,NA,NA
54,BIOL,2900,lower,,NA,NA,Langford,,Eisner,
185,BIOL,3990,upper,,NA,NA,Langford,,Eisner,
327,MIBO,4700,upper,,2014,Fall,Langford,PROFESSOR,NA,NA
196,BCMB,4010/6010,upper,,2022,Spring,Lanzillota,PROFESSOR,Cassera,ASSOCIATE PROFESSOR
182,CBIO,3800,upper,,2021,Spring,Lauderdale,ASSOCIATE PROFESSOR,Zeltner,ASSISTANT PROFESSOR
73,BCMB,3100,upper,,2022,Fall,Lee,LECTURER,NA,NA
308,PBIO,4550,upper,,2012,Fall,Leebens-Mack,,Malmberg,
74,BCMB,3100,upper,,2020,Fall,Lemons,ASSOC/ASST DEAN AC,NA,NA
13,BIOL,1104,lower,,2011,Spring,Lemons,,NA,NA
51,BIOL,2108,lower,H,2011,Spring,Lemons,,NA,NA
14,BIOL,1104,lower,L,2010,,Lemons,,Miller,
334,BIOL,4960,upper,,NA,Spring,Lewis,,NA,
8,BIOL,1103,lower,,2013,Spring,Lewis,,Kukday,
84,ECOL,3100,upper,,2009,Fall,Lieberman,,NA,NA
155,ECOL,3510,upper,L,2009,Fall,Lieberman,,NA,NA
288,MIBO,4310,upper,,2021,Spring,Lipp,ASSOC/ASST DEAN AC,Norfolk,
176,PBIO,3660,upper,L,2021,Fall,Lukowitz,ASSOCIATE PROFESSOR,NA,NA
52,BIOL,2108,lower,H,2020,Fall,Lukowitz,ASSOCIATE PROFESSOR,Peterson,ASSISTANT PROFESSOR
114,CBIO,3400,upper,,2017,Spring,Lukowitz,ASSOCIATE PROFESSOR     ,Muralidharan,ASSOCIATE PROFESSOR
178,BIOL,3700,upper,W,2022,Fall,Maerz,PROFESSOR,NA,NA
202,WILD,4040,upper,L,2018,Spring,Maerz,PROFESSOR,Clause,GRADUATE TEACHING ASSISTANT
201,WILD,4040,upper,L,2010,Spring,Maerz,,Buhlmann,
271,MIBO,4220,upper,,2011,Fall,Maier,,Karls,
292,HORT,4430,upper,,NA,Fall,Malladi,,NA,
259,GENE,4200,upper,,2011,Fall,Manley,,NA,NA
9,BIOL,1103,lower,L,2021,,Martin,LABORATORY PROFESSIONAL AD,NA,NA
15,BIOL,1104,lower,L,2021,Spring,Martin,LABORATORY PROFESSIONAL AD,NA,NA
23,BIOL,1107,lower,L,2021,Spring,Martin,LABORATORY PROFESSIONAL AD,NA,NA
31,BIOL,1108,lower,L,2021,Spring,Martin,LABORATORY PROFESSIONAL AD,NA,NA
179,CBIO,3710,upper,,2018,Fall,Massey,LECTURER,NA,NA
272,MIBO,4220,upper,,NA,NA,Maurer,,Karls,
294,MIBO,4450,upper,,2012,Fall,Maurer,,NA,NA
64,GENE,3000,upper,,2020,Fall,Mauricio,PROFESSOR,NA,NA
350,PSYC,4130,upper,,2013,Spring,McDowell,,NA,NA
21,BIOL,1107,lower,,2021,Spring,McEachern,PROFESSOR,NA,NA
102,GENE,3200,upper,,2020,Fall,McEachern,PROFESSOR,NA,NA
264,GENE,4210,upper,L,2011,Spring,McEachern,,Menke,
291,GENE,4400,upper,,2015,Spring,McEachern ,PROFESSOR,Meagher,TEMPORARY FACULTY RETIREE
90,VPHY,3100,upper,,2010,Fall,McGraw,,Wells,
89,VPHY,3100,upper,,2009,Fall,McGraw,,Wells,
239,PSYC,4130,upper,,2020,Spring,McMains,Graduate Researcher,NA,NA
331,MARS,4810,upper,,2021,Spring,Meile,PROFESSOR,Ohnemus,ASSISTANT PROFESSOR
246,PSYC,4140,upper,,2017,Fall,Mewborn,GRADUATE RESEARCHER,Hallowel,GRADUATE RESEARCHER
17,BIOL,1104,lower,,2022,Spring,Meyers,LECTURER,NA,NA
29,BIOL ,1108,lower,,2022,Summer,Meyers,LECTURER,NA,NA
10,BIOL,1103,lower,L,2013,,Miller,,NA,NA
16,BIOL,1104,lower,L,2013,Spring,Miller,,NA,NA
25,BIOL,1107,lower,L,2013,Spring,Miller,,NA,NA
37,BIOL,1108,lower,L,2013,Spring,Miller,,NA,NA
36,BIOL,1108,lower,L,2012,Spring,Miller,,NA,NA
24,BIOL,1107,lower,L,2011,Fall,Miller,,NA,NA
35,BIOL,1108,lower,L,2011,Fall,Miller,,NA,NA
223,MIBO,4120,upper,,2021,Fall,Mishra,ASSISTANT PROFESSOR,NA,NA
283,MIBO,4300,upper,,2021,Fall,Mitchell,DEPT CHAIR/HEAD AC,Mr‡zek ,ASSOCIATE PROFESSOR
75,BCMB,3100,upper,,2022,Fall,Mohnen,PROFESSOR,Yin,ASSOCIATE PROFESSOR
68,PMCY,3000,upper,,2022,Fall,Momany,ASSOCIATE PROFESSOR,NA,NA
22,BIOL,1107,lower,,2021,Spring,Moore,PROFESSOR,NA,NA
293,ENTO,4450,upper,,2021,Spring,Moore,PROFESSOR,NA,NA
87,IDIS,3100,upper,H,2015,Spring,Moore,PROFESSOR,NA,NA
33,BIOL,1108,lower,,2012,Fall,Moore,,Stanger-Hall,
126,MARS,3450,upper,,2021,Spring,Moran,PROFESSOR,NA,NA
296,CBIO,4500,upper,,2018,Fall,Moreno,PROFESSOR     ,NA,NA
333,BIOL,4910,upper,,NA,Fall,Mr‡zek,,NA,
204,CBIO,4050,upper,,NA,Spring,Muralidharan,,NA,
248,ECOL,4150,upper,L,2018,Spring,Murdock,ASSISTANT PROFESSOR     ,Altizer,DEAN AC
194,PMCY,4000,upper,,2019,Fall,Murph,ASSOCIATE PROFESSOR,NA,NA
314,MIBO,4600,upper,L,2019,Fall,Neidle,PROFESSOR,Hoover,PROFESSOR
312,MIBO,4600,upper,L,2018,Spring,Neidle,PROFESSOR,Hoover,PROFESSOR
313,MIBO,4600,upper,L,2014,Fall,Neidle,PROFESSOR,Karls,ASSOCIATE PROFESSOR
339,KINS,5690,upper,L,2019,Spring,Nichenko,Graduate Researcher,NA,NA
69,CBIO,3010,upper,,2018,Fall,Nichols,LECTURER,NA,NA
92,BIOL,3110,upper,L,2020,Fall,OÕDonnell,LECTURER,NA,NA
230,PSYC,4120,upper,,2012,Fall,O'Brien,,NA,NA
332,MARS,4810,upper,,2021,Spring,Ohnemus,ASSISTANT PROFESSOR,Meile,PROFESSOR
192,ENTO,4000/6000,upper,,2022,NA,Oliver,PROFESSOR,NA,NA
135,ECOL,3500,upper,,2021,Spring,Osenberg,PROFESSOR,Injaian,LECTURER
158,MIBO,3510,upper,L,2021,Spring,Ottesen,ASSOCIATE PROFESSOR,Grainy,LECTURER
250,ECOL,4150,upper,L,2022,Spring,Park,PROFESSOR,Strauss,ASSISTANT PROFESSOR
189,ECOL,4000/6000,upper,,2021,Fall,Park,PROFESSOR,Strauss,ASSISTANT PROFESSOR
249,ECOL,4150,upper,L,2011,Spring,Park,,Ezenwa,
76,BCMB,3100,upper,,2022,Fall,Paz,LECTURER,NA,NA
93,BIOL,3110,upper,L,2022,Fall,Paz,LECTURER,NA,NA
115,CBIO,3400,upper,,2021,Spring,Paz,LECTURER,NA,NA
143,MIBO,3500,upper,,2021,Spring,Paz,LECTURER,NA,NA
222,MIBO,4110,upper,,2020,Fall,Paz,LECTURER,NA,NA
159,MIBO,3510,upper,L,2021,Spring,Paz ,LECTURER,NA,NA
175,PBIO,3650,upper,,2021,Fall,Peterson,PROFESSOR,NA,NA
282,ECOL,4300,upper,,2018,Spring,Peterson,PROFESSOR     ,Pelletier,GRADUATE TEACHING ASSISTANT
164,ECOL,3530,upper,,2020,Fall,Pringle,PROFESSOR,Hall,ASSISTANT PROFESSOR
66,GENE,3000,upper,,2012,NA,Promislow,,Wares,
67,GENE,3000,upper,,2011,Fall,Promislow,,Wares,
65,GENE,3000,upper,,2009,Fall,Promislow,,Moeller,
32,BIOL,1108,lower,,2020,Fall,Pucko,LECTURER,NA,NA
263,ECOL,4210,upper,,2014,Spring,Reitz,PROFESSOR,NA,NA
280,ECOL,4290,upper,,2014,Spring,Reitz,PROFESSOR,NA,NA
240,PSYC,4130,upper,,2011,Summer,Renzi,,OÕBrien,
231,PSYC,4120,upper,,2010,Fall,Renzi,,Bovier,
326,KINS,4690,upper,L,2014,Spring,Reynolds,,NA,NA
5,BIOL,1103,lower,E,NA,NA,Richards,,NA,
107,ECOL,3220,upper,,2010,Summer,Richardson,,NA,NA
149,ECOL,3505,upper,,2010,Spring,Richardson,,NA,NA
136,ECOL,3500,upper,,2009,Fall,Richardson,,NA,NA
78,BCMB,3100,upper,,2022,Spring,Robinson,LECTURER,NA,NA
77,BCMB,3100,upper,,2022,Spring,Rose,ASSOCIATE PROFESSOR,Przybyla,TEMPORARY FACULTY RETIREE
286,ECOL,4310,upper,L,2020,Fall,Rosemond,PROFESSOR,Covich,
95,ENTO,3140,upper,L,2022,Fall,Ross,PROFESSOR,Hettesheimer,TEMPORARY HOURLY PROFESSIONAL
137,ECOL,3500,upper,,2022,Fall,Rugenski,LECTURER,Zemaitis,Graduate Researcher
116,CBIO,3400,upper,,2011,Spring,Rumfelt,,NA,NA
208,WILD,4060,upper,,2022,Spring,Rushing,ASSISTANT PROFESSOR,Hernandez,PROFESSOR
353,PSYC,4140,upper,,2019,Spring,Sabatinelli,ASSOCIATE PROFESSOR,NA,NA
199,BCMB,4020/6020,upper,H,2022,Spring,Sabatini,PROFESSOR,Adams,PROFESSOR
56,CBIO,3000,upper,,2018,Fall,Safer,LECTURER     ,NA,NA
329,CBIO,4730,upper,,2014,Spring,Said,LECTURER,NA,NA
57,CBIO,3000,upper,,2012,Fall,Said,,NA,NA
104,CBIO,3200,upper,,2012,Summer,Said,,NA,NA
11,BIOL,1103,lower,,2011,Summer,Said,,NA,NA
160,MIBO,3510,upper,L,2010,Summer,Samuels,,NA,NA
295,MIBO,4450,upper,,2006,Fall,Schell,,NA,NA
335,KINS,4960,upper,L,2019,Spring,Schifino,Graduate Researcher,NA,NA
340,KINS,5690,upper,L,2019,Spring,Schifino,Graduate Researcher,NA,NA
79,BCMB,3100,upper,,2021,Spring,Schmidt,PROFESSOR,Garfinkel,PROFESSOR
191,ENTO ,4000/6000,upper,,2021,Fall,Schmidt,ASSOCIATE PROFESSOR,Joseph,ASSISTANT PROFESSOR
165,ECOL,3500,upper,,2020,Fall,Schmidt,LECTURER,NA,NA
118,CBIO,3400,upper,,2021,Spring,Schulz,ASSOCIATE PROFESSOR,Kamiyama,ASSISTANT PROFESSOR
110,CBIO,3300,upper,,2014,Spring,Schulz,ASSISTANT PROFESSOR,NA,NA
346,MIBO,3500,upper,H,2022,Spring,Scott,LECTURER,NA,NA
348,MIBO,3500,upper,L,2022,Spring,Scott,LECTURER,NA,NA
148,MIBO,3500,upper,E,2021,Spring,Scott,LECTURER,NA,NA
144,MIBO,3500,upper,,2019,Fall,Scott,LECTURER,NA,NA
351,PSYC,4130,upper,,2013,Spring,Sharpe,,NA,NA
145,MIBO,3500,upper,,2010,Summer,Shearer,,NA,NA
298,ECOL,4500,upper,,2013,Spring,Shefferson,,NA,NA
336,BIOL,5040,upper,,2014,Fall,Shields,ACADEMIC PROFESSIONAL AC,Formo,LABORATORY PROFESSIONAL
337,BIOL,5050,upper,L,2014,Fall,Shields,ACADEMIC PROFESSIONAL AC,NA,NA
345,PSYC,5850,upper,,2017,Fall,Smith,GRADUATE RESEARCHER,NA,NA
232,PSYC,4120,upper,,2014,Spring,Springham,,NA,NA
303,MIBO,4500,upper,,2018,Spring,Stabb,PROFESSOR     ,NA,NA
119,CBIO,3400,upper,,2021,Spring,Stanton,ASSOCIATE PROFESSOR,Etheridge,ASSISTANT PROFESSOR
212,MIBO,4090,upper,,2021,Fall,Starai,ASSOCIATE PROFESSOR,Mills,
211,MIBO,4090,upper,,2011,Fall,Starai,,Whittman,
193,ENTO,4000/6000,upper,,2022,Fall,Strand,PROFESSOR,NA,NA
251,ECOL,4150,upper,L,2022,Spring,Strauss,ASSISTANT PROFESSOR,Park,PROFESSOR
287,ECOL,4310,upper,L,2021,Fall,Strauss ,ASSISTANT PROFESSOR,Rosemond,PROFESSOR
354,CBIO,4500,upper,,2012,Spring,Striepen,,Moreno,
349,PSYC,4130,upper,,2013,Fall,Stringham,,NA,NA
356,PSYC,4850,upper,,2014,Summer,Suplita,LECTURER,NA,NA
241,PSYC,4130,upper,,2013,Spring,Suplita,LECTURER,NA,NA
247,PSYC,4140,upper,,2011,Spring,Suplita,LECTURER,NA,NA
275,GENE,4230,upper,L,2020,Spring,Sweigart,ASSOCIATE PROFESSOR,Eggenschwiler,ASSOCIATE PROFESSOR
146,MIBO,3500,upper,,2020,Spring,Swift,,NA,NA
330,ANTH,4790,upper,,2017,Fall,Tanner,ASSOCIATE PROFESSOR,NA,NA
219,CBIO,4100,upper,,2009,Fall,Tarleton,,NA,NA
171,BCMB,3600,upper,H,2022,Spring,Terns,PROFESSOR,Adams,DIRECTOR DIV/DPT AD
34,BIOL,1108,lower,,2018,Fall,Trapnell,ASSOCIATE PROFESSOR,Farmer,PROFESSOR
195,VPAT,4000,upper,,2009,NA,Uhl,,NA,NA
255,BCMB,4190,upper,,2018,Fall,Urbauer,ASSOCIATE PROFESSOR,NA,NA
233,PSYC,4120,upper,,2018,Spring,Vratanina-Smoot,LECTURER,NA,NA
147,MIBO,3500,upper,,2021,Fall,Walker,LECTURER,NA,NA
139,MIBO,3500,upper,E,2017,Summer,Walker,ASSOCIATE PROFESSOR,NA,NA
88,VPHY,3100,upper,,2021,Fall,Wells,TEMPORARY FACULTY,Li,ASSOCIATE PROFESSOR
307,GENE,4550,upper,,2019,Fall,White,ASSISTANT PROFESSOR,Menke,PROFESSOR
284,MIBO,4300,upper,,NA,Fall,Whitman,,NA,
214,MIBO,4090,upper,,2010,Spring,Whitman,,Stabb,
58,CBIO,3000,upper,,2015,Spring,Williams,LECTURER,Holliday,LABORATORY ASSISTANT
290,CBIO,4340,upper,,2010,Spring,Willis,,NA,NA
94,BIOL,3110,upper,L,2013,Spring,Winternitz,,McKnight,
242,PSYC,4130,upper,,2012,Summer,Wong,,NA,NA
82,BCMB,3100,upper,,2021,Summer,Wood,PROFESSOR,Lanzilotta,PROFESSOR
198,BCMB,4010/6010,upper,,2021,Fall,Wood,PROFESSOR,West,DEPT CHAIR/HEAD AC
197,ECOL,4010/6010,upper,,2022,Spring,Wurzburger,ASSOCIATE PROFESSOR,NA,NA
53,BIOL,2108,lower,H,2020,Fall,Wyatt,TEMPORARY FACULTY,NA,NA
81,BCMB,3100,upper,,2022,Spring,Xu,PROFESSOR,Weiss,ASSISTANT PROFESSOR
260,MARS,2200,upper,,2021,Fall,Yager,PROFESSOR,Ohnemus,ASSISTANT PROFESSOR
177,PBIO,3660,upper,L,2019,Fall,Ye,PROFESSOR,NA,NA
183,CBIO,3800,upper,,2021,Spring,Zeltner,ASSISTANT PROFESSOR,Lauderdale,ASSOCIATE PROFESSOR
317,PBIO,4650,upper,,2015,Spring,Zomlefer ,ASSOCIATE PROFESSOR,NA,NA